Object ID,clusters
b23d784b-b8eb-453c-94de-4fae9682bfb0,0
53efd543-d162-4e13-9ffd-d20757899cd4,6
0f0e7d4f-db96-4879-9bad-1d2b415d63a7,3
e03274f8-a382-4dcf-a6b4-e5fe4d513d1d,5
cae3bbf8-b671-4aa7-9e7f-bb2f67228d9f,0
a0965686-4233-4490-925d-4f5c9c567154,1
09def626-5d9a-4128-ad9a-6f17154df088,3
57882baa-0a32-40fb-83f0-7be37074f914,5
4bc46caf-a521-4684-8d85-6b2f19d80927,3
5c4f5926-ff84-42e9-89d3-31eb256f1f60,8
37c15d66-801a-4b4a-ab20-f32b2ef247b0,3
bdd24e78-f505-4c5b-b0bc-f0f73d01930b,3
d7980eff-e21d-49bd-9359-50f8d76d8ee4,4
c214f4bf-d1ee-4baf-b7cc-9ab003d70ae1,6
f43b8ddb-93e6-4b11-b0ab-4871659b1e4d,0
ce1cb9be-f2e6-4350-adfa-abc738de0cd1,2
0ad09bc2-9922-42dd-a2f7-c52061c340ed,7
20dbcd8e-ff0a-4b36-867a-94b81ada85c4,8
2590dfeb-8579-4382-9472-c95cde417b8e,0
668370fc-5ca0-4f39-8d2b-bcc0bd7ea983,3
f9f998d6-795b-4fca-9a83-3f2a82447603,0
1ea273b8-4a36-49db-a9d9-a11153823a65,3
30c648a6-a0e0-4274-8611-8ed96c36c056,3
a2cb57ad-23e3-4bc4-9e6b-be979ef6b06f,4
72d5cadd-1861-4741-a094-6fcbc48111b8,7
ed6efa30-1cf2-4664-8aad-073286105e7c,7
ffbe9d2e-fd60-46e8-8896-a5b830ce3ba7,0
648b234e-3482-4831-8dc0-9251d9e95a09,1
0aaa5de3-94bf-4fb7-9ac4-41c8bded5b99,0
5603dfd4-9378-4aee-8719-283dd9dee86b,1
c2313f34-b201-4821-bb25-0cac72972678,4
2024f8e9-b0ca-482e-bb45-74b35542d64e,3
a017014b-a2e2-4e9e-affb-a01ad04e37cd,1
877aed6a-b6bb-4e22-86f6-e0e86d6022ac,1
88b867d1-47f4-4530-a013-30d16d733e48,0
761a0d71-1fe9-453c-b36e-1e9e0ae60d5a,0
308d7207-a647-4661-b10d-79fae8d49f60,0
cf118be8-ddd5-4b20-befd-7d3bd98b9a79,2
c08cfa7f-f164-4ca3-b200-784c405d7320,3
1d55ef82-2783-4b6a-9f00-4049580fcbc3,0
751594ea-8622-4c5a-b130-65e4856abac0,3
f1b9ee29-ee12-4763-a7b4-018b044b27d1,2
f7bcbcfb-9c4a-49d7-a255-4c64b2059d2f,1
2ba979e1-4ead-4b9c-8381-4b287585846f,5
6349ad8f-09a6-4747-858c-a96620c304c3,8
4673ce0e-f6a6-4059-bb65-69d1fe55caf0,6
56286457-07c0-49eb-9e25-2b797908e938,3
ce3037ac-11e0-4ef7-a673-b6bf9dc00e8b,7
ce8ba9e3-b76c-4f27-88b6-f40620e52203,3
37214c67-2725-499b-93e5-fa1db0d95678,0
f8c57bde-be9b-4a55-b04e-8381f0cdf56a,0
cb61f3ac-60e6-432c-8405-a45e802d2c61,7
f906fade-40b7-4bd1-8dc4-6bd269695a7a,0
3d4559a3-555c-4da0-9224-7d6019eac43a,2
09690031-9832-4537-a884-e994ba205f66,4
efa2487e-480a-4259-9656-88843de3c9a2,5
af586d0d-3e6f-443e-bfcf-3a3400291480,4
2ac6739f-38fa-49e0-b1ef-1edec2f2ddbb,5
25a7bbba-ccd9-43b6-8703-573ae9f88822,1
8f2a6238-0b74-4e80-8e3f-690412b01148,0
32bc6762-f4aa-4f6d-83ea-f0a008993834,8
0db90eb8-10d5-4e57-b6c5-d35b59de1f6a,0
03d81761-51c2-45e4-9723-c7a9811899ae,0
133023f7-34ea-4cec-bdf5-d8b12d41f099,5
22906f3e-a697-43c7-b648-7bd1293f18ae,8
479435b4-d96e-4dbf-a97c-b16a14114f8b,6
4e89374e-d1bf-4764-9f3a-b9fed41e91b1,4
324cd91b-8bc0-4928-833b-9b00fde7f41d,5
52368efc-f838-4d0f-80c3-8a02a8e4dc38,0
bdddeb14-2ec4-4734-ac8a-038aba176f5c,2
c03896b4-a2b5-4635-8ce0-db7278ebe849,6
713888eb-6693-4dd8-86eb-7d202bd25139,3
4709ccbc-d3a5-47db-b447-983fd5364fcb,6
2eee6753-5a78-4ff2-808d-f674fbebc67d,2
ceb3ced6-9dcb-49ed-a717-99bb4c5b9f4b,8
44256638-e76b-4b2d-861c-8c9e419257c7,5
a8f4b26e-f8ae-48e7-8208-40d54a190d58,3
aa17789b-7ee9-4bcb-a19d-473fe6b08bf2,0
af0f8692-e4f4-4351-af6a-9d6721b30251,3
5b4dde11-3644-48c3-9fdc-f8c848c4fbab,0
fc7d8d80-d187-4fcd-b2da-5bff7f2c2125,2
e126413c-404f-41a2-b9cf-6833aa25a7e8,0
a48046e3-5667-47b3-ab98-b02f21298305,1
14b29e30-0023-41a7-a946-e8975fcac4ca,1
b2106f4c-7e07-41be-9d8c-e5c5994ba30e,2
f9e2c033-85bf-4405-aecc-f0b00dd1b499,8
26787dc3-d19e-46d4-9f6b-a5ce83140477,3
ac13d00b-1ad3-416a-8329-b15fe92e7d2c,0
7af562af-a8a1-43e9-b32e-3be331868054,5
76b0260a-5011-4414-b650-76b5638df30a,2
bf2e2b6f-52f6-4d52-9653-6c15c8093d08,1
04714881-e948-4b5e-98c3-414ec1d833c0,0
ce8f671f-27ac-49da-bd07-c06dda9c2c14,3
791cc937-e2e6-4dc5-98ab-69e69f846324,0
5f080c38-d0f2-47ab-a87b-74ea7e8bd098,1
5d7e2772-db1c-41db-8b84-f903f0c2cd55,2
29fd8335-1bd4-41f3-899b-89ab098b0898,0
9c0eaa48-a388-4e40-be2d-cc3cde63967c,7
9cfd0bd1-037e-4016-b517-58061d81abc5,0
62bd69e7-e84a-4df0-8baf-a6ca18cb3904,7
8facc12f-ce32-4858-b10a-24e59e8990a5,3
92c47371-31e9-46a8-b50f-2483e374349e,7
7e408f9d-5215-4797-9480-edc834de9b94,3
61915a6c-c66d-4ae6-8e2d-f1df4f19b23c,0
2b9820b7-fc32-4354-8580-f499291034c6,2
67372207-d1f7-476f-ab53-a7fca3084bc7,2
07394b25-f31c-47b5-a622-31599ccf158c,1
07aa394e-c868-435b-bfa7-823026513ed1,0
cb5457e0-c925-452b-9cda-ed980f24b878,6
0ddc1604-d579-4cc0-be03-6ea0f0537188,0
a1752ab0-be42-486b-a401-212ec7e9f933,1
92c81f82-0d89-4d79-a2f4-0e6b883ee816,4
955d7b28-a661-43aa-a582-905de1eef06a,7
a7705f6b-6a78-42ac-9831-4370ca2e1ff5,1
e755b281-d625-4e4f-a940-99617b3003a2,4
020c7d98-40ff-4e8e-bb2b-6b08969396d0,1
2103ead4-5b65-47ad-9435-e37868751e96,1
edb6d0b4-a2c4-44ba-a2c7-ac2d95e409da,2
1a998196-3c7d-4557-a037-bbf3ce8ce136,0
ed5ddb62-3f31-43d4-bac3-a52384962dcb,0
b9b61747-0967-497c-95d5-b21420a80f0d,8
c42304ac-a519-4ea4-acba-c8f17bbd1eca,7
75126d26-1e21-4d8b-97d6-e88d4731cb2e,0
c799b6b0-7462-4f49-9abe-c44cd1a6d593,5
df4ff017-76dc-4f1b-b624-a76e33dde304,1
357bf190-d8ab-4d5f-8916-5643246b7197,0
184dd7e4-e418-4a83-8688-a8c417b781f7,5
5c2b3283-82eb-4080-8f6e-02c77191f87e,7
02aa306a-3f58-422e-84f7-1a9b03148f2f,6
543ce43b-433d-447e-a179-f52225b61ce1,0
cc35fde5-94ad-4be2-9d7d-25fdc3f7fb3e,0
5e1d57d8-5766-473f-ab63-43f40640328d,1
ea84993b-55a7-4c70-b02e-987df16c3a30,2
c0e2a31e-cf25-456f-8bb0-a6f7052fcf03,2
17dadab3-0b78-4404-aa3c-8b0d165953a4,4
11fdd99b-86c1-4c82-a83f-69bd7b1c9d9c,2
5cb75eea-da69-4889-9a64-f7e73cc09b9f,5
bc129730-80f5-4714-8279-d7e1877e7048,0
8c22f556-88b9-46ac-a58e-8a928956043b,8
053ddd75-afd9-4b24-b6ef-739e22dada55,1
bed1ca59-9d7f-49cd-9512-ad60073a5050,3
f7c48d55-7b53-4bd2-adcb-36876918c226,0
aadf549c-43f8-4327-8fe8-e4b1e8acfbf8,3
cefbeb75-51aa-4d62-90a6-8385ba651ed6,2
b04bfb18-d670-461c-b51a-17f5b2ade5a8,1
b51a1612-acce-48ab-8680-2377fe96f255,5
4214e88a-030a-425e-b070-612d8bb9b807,0
99c13c3e-b0ce-4f87-a9f1-1aac20e2da26,0
10481cbc-fe72-46cf-bb19-4762fbaff321,7
7e94bbe3-b911-4eba-a242-ca01dc0d6fa0,3
cdfe6d8d-4e8b-4209-a0dd-f0300ff61e3e,7
432fbf53-2970-417d-9851-850ad9139d0c,1
e560c2e5-61f9-465f-97a6-5ef85fd70268,0
89ccd067-64c8-44da-a55c-8543206bd205,3
286b844a-359d-4465-b7d5-7ea863494eaa,6
7d8ca054-0be5-47fd-9e99-f0648589269d,0
5255d2b1-b2ed-4e99-b2da-b22be881d7b9,3
aefacc72-af84-46d3-8830-2b5a4dd49c5f,0
c9ea622a-18e2-4b5d-83c6-56796444174a,6
322c3243-83e4-4199-92f2-f0223676f2d4,3
ba9449b1-09be-49db-baee-c0334a9114da,5
1cbd2fa3-9c8a-4777-a8f7-41bd38d8f1b3,3
d0b96a2e-c7f6-4f2d-bf79-0e9e6ab404f8,0
d6dff087-6bda-4b5a-9a09-3cbbe542a89e,2
a0feb2bb-c025-4703-a8f7-4c062f092307,1
86b9d691-9cbe-4147-b417-eef11f37fcb8,5
d07bd0e9-0c15-4503-8196-7d71b01b50a5,5
e69facb0-757e-4111-9ad9-b5931e1ad278,6
4a9b776f-5b60-4d81-b203-1b91abe56498,1
91a062c6-0db1-4729-8d94-a48d747695a0,6
ea249fa2-55af-4fa1-a452-234a4ff23f3b,1
1d1373ec-1aaa-4e25-adfe-7376c0daeca0,1
ef048c80-1ec9-451c-aeae-ce815f9f3883,1
9bd28572-4bb5-4d5e-b0aa-1720e8fcc09f,4
292f8e85-dbc0-45b7-9a07-1f95c33d02a2,6
cf341ae9-6074-46c6-9bb5-c6f85b497d8a,6
c308af64-b3e8-4f3b-922f-8d74024173a2,0
a4f80a9a-fded-4deb-8d8b-f7854da83212,8
4c9fd661-8dae-4ecf-9c1b-ad57b85acd96,5
80334240-95c8-4277-b328-0667e4c65796,0
b1373ff1-46c7-467b-8913-5b55d9a79c29,6
4bfa9b3f-3b7e-4b18-89a3-03cf547a086a,2
169f3e6d-2109-4742-8993-5aefebc3f7b3,0
3c0b7b11-ec4a-4cf5-9f3c-8f954147d606,1
d2c5f626-0b8d-4953-94e9-f99b3c0209f0,2
d5650da5-b09c-4e18-ac7b-0b6a42be1406,4
bac37094-9bb9-43e3-9ad7-a67930a3b6ca,5
be582aa6-9636-4ce5-865f-60df406c0831,6
4381eb14-23ba-4a4c-8b18-719e62e67e80,4
be1e8467-4003-48db-87ba-2323fbe27695,6
76a6d056-9c13-486e-a8fd-a51c5bfdcaaa,5
f64a8310-4aa5-4f86-b2f8-bc138eaa7541,3
03412d4d-6e75-4d34-bb22-88535a781d79,0
593acdb5-d8b6-4edc-82cc-fcac00695b31,2
f3724f2e-c57c-4e40-ac80-8c61dd8903c7,2
5f037005-bf97-4c06-b442-1f1a4c720647,4
c25788ae-6c61-4e7f-8ffe-e1fefd1ee514,0
ba610f5f-b4f5-4191-abac-792d6cddb291,1
ecf34d8d-aa1b-4336-8634-571669e38670,2
3f5009a2-9dbb-47fb-978f-fb789b99b9ea,0
e0549bc4-9a38-4cc5-815a-e15bc2777ea9,5
0ac38392-c04b-4095-ad14-ce0a0455316c,2
dca69806-5998-4cd6-ba1e-0745c19507df,1
a962c6da-6b86-4f95-94d3-2e107a049a0c,4
a8130bb9-69b8-4224-9c73-8a5c50cf455a,0
7c81e3a2-d865-4152-a053-6a1ff22e9ae2,6
5883a914-d25f-486c-9265-9eafec795a8b,4
a922f849-66e5-495f-b797-f7fdb185a786,0
bd520043-753d-414f-bde1-3b051d395e2a,0
dc469116-4bf2-4c8a-9aa1-965ee9efa825,0
2f623356-8480-4962-8d13-28b2de69a8eb,1
4e795a89-7fe8-45d7-b821-8de6984895ee,3
bb45730e-ad02-4541-91cc-6a9ff40e3dfd,3
5f4f2386-0aeb-4d33-8a0c-44d918b90c9d,0
f81cfb7b-b167-40ac-baa3-5df6549a7d25,0
c2e300f0-e4e5-4349-95e2-1a75ffe34920,7
6eb4c29d-7d39-4ea2-8bef-bcedddbb2043,0
72277f9d-37b5-4d9e-aefc-d8d83bf19d08,6
7fe3c1c4-920a-437b-b29d-f3d3aa4257d6,0
500ae900-c094-4070-8201-1197491275c3,4
b8dfb3fe-c6b0-4120-b452-bb1b310e43eb,3
0db36ed2-e213-4c5d-bd55-e0334cf5aea6,2
8d322252-65d3-4b40-b16f-6dcda4b34e89,0
64cd3f1d-6755-4693-8c31-ed828a03b2d5,6
e8e6ef78-97f2-4acd-aa8d-c3d2bef229dd,4
1bd9ce21-6d7a-42d5-9ac3-d7f12f5a7c93,0
9c130b9e-0d50-4efa-9936-bcc3cfc50435,5
df246af8-871d-4091-8023-3352eebc456f,4
36ed22be-24c2-460f-9d7c-aef5e572993d,1
21983e79-0304-4e48-9757-d76382e5bac6,3
41d91821-5075-4918-98ce-d4c89c3c29fd,0
73b68084-ad45-4d23-8c1a-4452f17d38f5,6
2cc5dcf0-9e23-4ad9-a0b3-be8f6e128e3f,3
6f4c2d63-7dc2-4f4d-bf86-2a5e917448fa,4
ba582797-8b41-4b5c-a855-ebfab16d8044,4
658be61c-1a87-4da2-be6a-b9ecad969f51,3
66b8cd92-53c7-4f6b-8b1d-21e5186023cd,1
9724e873-458a-4419-b2d0-fdc64ad36a35,0
59c8d5bc-07a6-48bc-9e69-ce05d272f840,6
e3aa1e89-cf0f-47cd-8d1c-137d5b673768,5
49ab1713-b9d0-4717-ad70-037add48c34b,0
bf816f86-3f0f-4c3f-a010-a22a2ca6aabc,1
81051eb0-c512-4a8a-8d3b-28789a84f995,1
9abc620c-1c22-4de1-b3e0-53c924104149,3
c728a9e6-44e7-48d8-a1e1-90f2d9ff3cd8,3
a8435dcb-8dc4-46a4-b8a5-e50a69f04eec,1
fd9871fe-8cb2-45cc-ad75-d648a7bddecc,2
9dda953d-091e-45da-bd58-ca9095a76958,4
1b0181a9-a2d7-4364-b8be-4f9da0976476,1
9d8fa160-e2cc-4809-b3b6-c91c440ad734,3
af269233-0690-4725-b0e6-d186f11fffe5,0
fa45c60b-61d1-4948-8944-87af98eae57e,5
66a627cb-a75d-43ce-a4a3-560637772742,2
6d2217ee-67cd-4c82-a1b6-49292201940b,0
d44edb4c-a3c1-4d78-b9cd-7aa17e0bd0da,8
4e2bccd3-306a-437e-9c9c-f190294a88ef,5
f8ef97b5-a82e-4029-8930-7d2336677eb0,1
5898b696-c7cc-4334-9599-05520db28957,1
7ca91aa6-8421-4142-995b-356dd2decb8b,0
04f5f458-1579-477c-9bed-0cdf80a94b7e,0
1f673de3-b130-45f0-84f1-293d5671ea98,5
b2a70111-3704-48e1-860f-c93b2f7a2bdb,0
a8caeae8-ea36-4867-972a-e8b6c4c428f3,6
5678c580-a82d-43e8-ab64-e4046a1945be,1
45df8931-5472-4938-afe5-af4d15a13f48,3
0f234829-2b75-4c9c-ba7d-b3c9a894e5c6,3
b72b515a-6e61-48ce-8367-6e7851f81f31,2
4bdd16c7-5dd2-4c36-b8b5-31e1db5a59fb,1
11b1365f-c9ea-485a-befc-3cc51e63d5cb,4
3f9644eb-94a3-4101-9a16-af17b9fc37f5,4
d5ca92e4-9582-47d0-82ee-7bae935b8b5f,0
bbd24ed2-38c9-4c2d-b3c9-37fa3b510523,1
3c0a0c89-63f6-42dd-ab3f-ce51ebfc0924,0
ec622cbc-a7c7-4976-9188-3bafd46f33f5,2
fa72141a-f2a8-4f99-854a-f1ca0788278d,1
bb7cce14-c53e-409b-9380-ac2646392cb6,3
fdb03624-3ea6-49a9-8785-0f6fb390d245,0
9780ec29-26cc-4424-a5ad-ffcb8bfa41f2,8
c36dfdaf-c266-41d1-9f7a-6b200011f1e6,4
18e5e22c-facf-4245-8a22-e900648866dc,0
33ea3842-b439-43f7-914b-58e4accd1d75,6
44c0cb94-4664-48e1-9558-96807b97932c,0
b08daf54-0d9d-4751-a667-036060b79f52,0
333f22f1-027d-42d8-998d-8a88c1bd7171,4
aa2dd6ac-f92b-49f9-a508-b90e4d6dbc64,6
6e63a596-1058-4c3a-8c2b-9fdd33a70284,3
11a2161a-f753-4125-90c3-d3e72f013631,0
2525d3c7-da8d-46ab-bcbf-d3afae739a50,1
d7682230-8eed-4c4b-b69b-ce8116e77d14,3
9425c82a-bfea-4c9a-89ad-a9bb365dca89,5
19cc0c14-2539-4d30-9f96-8a01d860a0dd,4
a5d0959e-a136-4af6-8d26-f5823c52350a,2
3b03e3d8-1232-4889-a241-ab1e47644693,1
7db832be-f330-4534-b010-dc6e6bcefe09,1
c35c6f5f-db00-4608-b4b2-3bc565809a7e,2
adda858a-cc30-4ea1-b56a-77f811c056e2,4
5692d35c-5b5c-47ed-9650-3c78018841aa,2
4f31f307-5301-4d38-85d9-f334ab1d8165,3
454a9953-1374-4189-846b-c05e9e65d6ad,4
957ff7d7-2ad5-40b9-9cf6-268939d6a6e3,0
e4e586e0-b201-43df-80b2-943b4256117d,6
8b4f9af4-e967-4f8a-9a0a-6fddf92c96af,4
2b64ebf3-8788-4670-afe7-4b2401a62dbd,0
0c82a316-55d7-45c8-8890-f59d19d8bd34,2
43385a3e-4cd7-4862-845e-3f5d3d39619c,1
35e0e1b0-6f2e-4320-9228-7749f2c2ff6b,6
36eb8b10-2f24-4df9-845e-1dd5a070f9b9,4
837e65a3-5282-4d0a-ad00-82641a73783e,2
d484fc82-e357-4bdd-a57c-a4b6bd81a3ca,4
16b05e95-cf26-4650-bd54-f995bf72e70f,6
a815012b-75fb-4d21-ad0d-eb5aff68a96e,3
2cbf7932-9902-49d0-aaff-f7d970c7b901,0
b70eec37-c08e-4d1c-afa2-a4fde32987c4,0
fe1d5dd7-19be-4644-a68b-1ca47e670a3c,6
406ab823-52bc-4e0d-8d58-a92657b74e97,0
b3a55543-9a71-4dcf-a69c-d08f9865ed84,2
426aca96-3885-44d3-a481-54c5b87a41f1,0
f45fc1bc-d976-4b79-8f9b-424e53688a37,2
43b62ded-5d9d-41f4-b89e-9960996b50d8,0
1075ce1f-5db7-45b8-b97a-8f1756acbe2a,0
6b423d6a-0d9e-4a25-a16a-f583edbf71aa,2
4a63af02-94bb-46c6-bd6a-2d18571804bc,4
0da57179-dc7a-45bc-a6c5-25d661b26f8b,2
75b870b7-cd3d-4079-8209-95be3229d7eb,0
8b201c62-83d5-4195-908e-d12de11b5d0e,1
1d7503fb-b8be-48bc-bde3-9611c373b86d,5
9beee89b-a0e8-4be6-8246-e4da8a63dbbb,6
43e504ca-3c3d-45d5-b212-30162afe6eec,7
7d068121-0d3e-4fff-8a5c-543e08ef2344,4
0f5cf81a-86da-439d-81e3-cfc8ede1422c,1
6069e40e-92d0-40ea-b3a2-a7565088d460,4
9a021aef-ddc4-4d80-b29b-42893e4c9c3d,5
ef09f8d4-8a43-42c8-bad5-f42c19e6c38f,3
b86d5fb8-8db5-4c42-8ed6-aea269cfbea7,7
2849c0bc-2421-479b-9dca-83100211cd64,0
a279ff12-7e95-4aee-a00f-1264aad83194,0
a005ae97-b8b5-4430-83ac-4cd579a8c768,0
420c7107-febc-4b9c-b943-b6287abbb30b,1
b60582f3-079b-4908-a528-84ddc4ba8344,4
9f9fd479-24e0-470a-bb7b-1d5327c6902d,3
0e2b2aa5-5870-4df1-b50a-ad2a06ea4e50,5
97b0df6e-15d2-4124-a989-f311ff02a757,2
62107d72-f787-4aaa-b7bd-3f1064240400,3
bdd02942-63dc-4b91-b41f-39a169efdeee,1
d86f4ed1-f66c-476c-8aad-705f340c4201,3
1d5b4ff9-7e9e-4126-9e8e-c3b5ad5d780f,1
239a237c-0244-44ea-bfb6-89f5e861541f,7
3fc8bbac-d520-42a9-8103-d81f42f8ab5a,7
cbfa5117-68ac-4c9c-b5cf-4d981d0fc356,0
4177b0bc-cedb-4b40-a91e-6cf4fbc8f181,3
cd0fa562-7484-4d31-826f-fe6cc954abb2,0
0e37faa2-c0dc-4415-9bd2-e6b10d1117cb,4
21530329-aa74-476a-937e-a63938199ec7,1
4b526692-52b3-4a1f-b954-b50cd129542d,4
d09f4a20-842f-444f-93f2-de8965e2c589,4
9eaf01c9-2c31-4d50-a345-1460a5d6f165,0
c9d195cb-270d-4a5e-9560-e5bd7ada3dbd,2
d146d65e-4a77-46de-a148-5a08e636810d,6
141367fd-55be-4c05-829a-ee33c26272fd,0
024b2551-519e-42e9-8ed9-77542c101fbc,1
460952a6-427e-469d-8add-adbf422cc3f4,0
3b32d760-a56a-4a91-b93f-b95ab1dca03f,1
889fa66f-c60c-4747-990d-ac3cd0e086a0,1
684b83e9-c8f4-4494-b285-e5427b8d42ce,6
7d29a44d-95ec-463a-8a91-bbcb0f116437,3
b4a55587-ce80-42f0-bcc0-3df793181af1,2
053e24d8-5faf-4b12-a7de-ffa47bb4b1be,2
018db778-9c6b-4c2a-9cf6-f0f707a4302c,1
1891279d-f77a-4a4e-a8ad-dd10ef6b6842,0
5088a6e9-7937-442c-85ae-fe2bfedcab10,6
4ed1865b-b109-4684-bb6c-d0907b7cac38,1
fcc26b88-76a5-4fde-9515-09bb305b8554,2
fbfb0920-658d-4831-8117-dcf41b1e4787,2
f6ab66dd-8894-4a12-91eb-56e25ae09291,3
d7bbb9a1-ea29-414c-ac5c-80d1fcc4c3e4,3
caea0e1c-311e-4f4f-8fe8-65c9720466a7,3
9e301196-7a06-4356-94e1-1b64b427029d,2
e0fb4de9-4cab-435b-934e-3129b19e3565,8
32ee7cec-f7a0-48ff-8b24-3d7a398824a3,0
af248623-bc6f-4c27-a3d1-517c3714d40c,8
9a7359de-8c29-42da-ae89-28aee79b973d,4
408145a9-10e6-42dc-86ea-c8381d5d7d63,6
037e2170-0084-4ac5-84d7-136f4210a937,0
cf9b81da-de64-4868-b93f-42c23238bed4,2
f1ed0ee5-5ef5-43ed-89cc-b6e0e6633330,4
10f77655-0b65-408b-b644-170497a0f4d2,4
3af1becd-eb28-4e1e-a051-0565f9be7393,3
3d7c5175-6d68-4f4f-a834-df1c60d140b6,0
8cc44d94-3666-412a-b2c2-df9846d2ef05,0
e7873668-36af-4449-85a5-171bd9002dc8,3
7419c647-5f02-4f63-880f-f249da96029f,7
f6423061-af58-410d-aefc-10d2cecb04db,2
fb064b2f-4c42-4049-ac30-d67c37d1af00,6
019c7b4c-9369-4a6b-977c-2e41b722ec65,0
5fa61c8f-d2f3-4801-bef0-b0d96a0901f6,1
a26ec29a-3944-4b22-93a2-b500a96cd345,1
f2e6fbaa-6229-492c-9ef6-5ba452a61877,5
ca4e0335-7a2a-4aec-a52b-9538d13061c2,6
3b966719-5223-4f6b-9ac0-69d6134cc540,3
1b48b150-0fd4-42cf-8b32-3059bbb225d0,7
8273530d-ed41-42c5-9ac2-c4fdc9029fb3,4
19b19aea-81ce-4b2c-835f-4647850b2bf2,4
406e065b-a9ba-4d32-b375-678dbb9d1e72,0
2a925b35-e722-41f6-90c6-8432c629ffe8,5
7b622969-61f0-4cff-a66c-5637fcfb9dfd,1
1e47b9a3-8c3a-4160-a99a-e3e4b27f34d6,0
f815ca37-7681-4b7f-b394-6f71e43ad621,0
6c96d5f3-c74f-4e6c-98e8-f3bc63f5333e,3
425a4cd1-cde7-4ae3-a206-90b763871461,7
14b48cca-96e3-4232-86d4-0512ce319316,4
0bd4c245-42a1-4aee-aa06-5939f91e8094,1
374cfeb8-759a-4354-98aa-c8dcbf19ffed,3
65393581-efd2-4786-a92d-878ef3a6cd5f,0
2268df34-36ac-491a-b1f7-8e9793c43443,5
59793c42-90c3-430e-a50a-304ca73145c5,0
5a61fd32-bbd3-4f00-be82-cf2d289aae52,3
a439513a-0523-41a0-b90d-c42f488b0682,0
d03efd74-c6ce-40d7-8e7c-96388b1e3302,7
ba9a2479-d86a-4264-b6d3-d3d4958b1d48,0
738ddcce-acdd-4324-8dc2-7651696d6baf,0
6305b3f1-ab12-48ed-8cfc-1e6820ed5f20,5
34574e87-170e-447e-a8c0-d0e967942541,5
1141e71f-fa94-4e5e-9012-c487854ec911,2
758a20f1-67ff-4b2a-a030-f2bb7f3c0641,0
824b8bc2-5c82-426c-b1b1-096a9d0797a5,5
c30ee962-9e48-426b-abc0-c40f539d5fb4,6
7ca08adc-f8fe-41fa-aa89-8a7e463efa48,2
9699f246-5656-4bb7-8917-6a210bcbffbc,1
a33f240d-a314-40fc-aff8-ea2ebfc67dfe,0
3a883fb5-d40e-4659-9954-1982160f9e1f,2
2e9497c8-8d3d-4ad0-ac12-82e2794128c2,1
b6892828-f192-4e36-9339-17ba997a1f05,8
5d31b563-0d3e-475e-a1e4-5a8b598b3891,2
400d1e2e-7eac-4648-8734-1c21d69ee40a,0
b25147e3-9912-4d73-9793-9f4361dc74bc,2
8d10ec16-bad3-4030-a300-00ef3cebbc13,0
bef03f3d-1ad1-47bb-b42d-ae7a98dea982,3
e5b17084-ba2a-433e-997d-31d026571e6b,4
3085a955-96ea-495d-9807-f61dca9992ad,6
e07a48f8-5e64-4583-a499-2f35d3d6c467,0
403a3b46-0370-4401-8dc1-73f866a95eac,4
c3f88f1a-94b4-491b-ba56-394ed5dd54bd,1
8dd2282a-69e1-4391-a0d2-016e8d898e85,0
9416f42d-97ab-4299-b933-cea84ce272ce,4
5990d521-3e56-419e-bdfd-fe745a0b610b,1
0bf0dbf6-36f5-4fd9-9bd7-b217b22edf67,8
9910efcf-396f-4e08-a751-9f7106050a4f,6
0afa0caf-3ecf-4616-97dc-e2558bc649fa,0
8ad5b117-5060-4c08-96db-73f5a717d894,3
f6427db3-0835-4174-90e8-7e5669703301,0
6fefa0e1-a706-46f2-b9da-4358502f78ad,2
4b31f41f-4660-47c1-b585-4c8110c2700d,0
7c01ae9a-66ea-440f-9370-6ad15cda29bf,6
50b8620f-19b5-4184-91e8-505df6df1074,0
4a0b6505-d466-462e-b4c0-a99988fdd4c2,0
831f2d8c-1769-425d-a051-4b46428be884,3
916e7cde-0056-46e3-b6d4-79cde8f47cba,8
525b19da-d9f6-4e37-8224-3539b15b7f6d,8
1dd0fa24-818c-43ba-80e0-3626262e8f0a,2
12ab2768-f561-4707-ae61-1453c66e176c,4
f7656c6b-4d66-4613-b3d5-c95e2c29e150,5
32cf2d4e-53b3-4413-b113-5425bf40d416,6
dba5cc67-89c5-4e2c-8623-69d4ee75fdba,1
28624647-47cc-49b7-9216-78a6be6c54f7,8
e7a607bc-dfa1-494b-bdab-1f51677befbb,1
d2fe9ade-839d-48bc-ba04-b61e3ee49ec7,3
5e4f119a-69de-4df8-8387-d13b1e026abe,3
81e07c20-79bf-4856-8cc5-b2c095a31823,4
929c3636-4db2-4db8-8ec3-0caf9ff0da96,7
cfe1d8b9-4bd8-4c42-9a2a-6a34e660f1b1,0
233da032-a179-48da-8a1a-b0595520a98d,3
c97a7a51-d031-4314-a833-6b4899ad6dcc,0
9b3b69d2-15db-4f28-a1b3-719efc011d1e,6
7586a9dc-8db9-4b6b-a7e4-8c502b46be96,4
96dfe6b4-0931-4738-962e-1ebfb05a8846,5
1d41f72b-be73-4e7b-b06d-7c57139d58ff,0
04305abd-83d5-4fad-aee3-3a2b72d67494,3
31721e21-5630-428f-98ba-0694e7642fa1,6
b85adcf6-bd68-4f8c-a929-4f4abd762e3e,6
a50ab067-ae3f-409c-8e46-8d8fd415732b,6
2caa1eb3-0061-4a3c-8800-d7f069278fc7,3
2c497313-1588-4388-8652-eb767d102e65,2
47a8eaea-9bb5-4126-bf8d-9a2a3df6ceec,6
caddf4eb-9d85-45e8-b3d0-4ccf7d30f409,0
decca9f8-97dc-4f62-81b5-c23851469935,1
d1ce97f3-c577-46ac-a44f-ab370691431f,1
387cd0a1-3094-4872-b816-3999901c30a6,8
5f49fbea-9878-4578-af36-5848a7b0c60c,2
ae7a3c8c-ac53-4a09-83d7-915bbb0666d0,0
7f61c527-b0ba-4d5f-9be7-7a829f9da6b3,2
ec8f80bb-33c4-4f22-ad87-39f18ebce19f,0
5e202483-815e-47ac-9486-77b103ad98f1,4
c6b22767-c974-4e4c-a21f-279e0c068719,8
78695806-a227-46b4-a311-478a39fbdc0c,0
e2bbd405-0a67-4ada-bfb1-3e866204863c,4
804a2625-fd4a-4515-9d94-0aa43900fa38,0
0070d0c7-0533-43b4-b256-c1a52ea00cc1,2
09992ef6-3ccb-47b6-9e10-947365641552,3
53088311-694b-47ed-846a-d090b0dbad90,4
cc72f868-877a-436e-8e66-94b283d7b4e8,0
2a562390-bbdf-485c-9a3f-b545e90346fe,6
97b50e55-3915-4468-bf15-41c4d2585e94,1
804aa491-5ff9-44b3-9082-99cac15dc27c,2
676335bf-bea4-4a0c-a6e6-417b56c29818,4
7ce1169b-827a-40cd-b357-b845aad0996c,0
d3daae7c-f772-4dea-b0a6-2d8155996ffd,6
ae8b3f89-009f-4bc0-a441-0d879dbab438,7
ca917e74-21b9-4995-ae38-3d02a7c4e7f8,0
1a5bc418-0a35-4ff0-b466-9207d8f5472f,3
b3a72377-c297-445f-b289-008924018739,3
a1a0b7b9-b9af-4d46-8854-3611985e68bf,1
e168d0bb-2b2a-42b5-8994-ec684d9b77c2,0
eaf2d0b5-4a8a-42ac-b195-10e20e903d73,0
27910b7e-829d-4875-85ed-750e666a2cc7,2
2510083b-5206-4ec4-b35f-25050d09b44c,2
925f1351-bbba-4ceb-a320-10f0f40c1f24,6
f00b46ff-4ed3-4280-b01c-829294e80278,0
714de7d1-c750-42f2-92ea-aa06ef049c6e,1
685ea8d5-6aca-4082-873c-87a0112f0475,4
d761d0e3-db17-42ca-800c-a5c4f23fb77f,0
28964a21-3a74-4684-9bf8-eb536c1ebf0f,0
8b818c63-236d-4bc3-970d-2a2457bdd364,3
023dfbbc-bd59-4862-b351-a41e50f84407,4
8d8de218-3e94-4685-a909-dafeaddd2429,1
75f22218-d805-40ac-82fc-fa31b437bc80,1
a0d065a3-029f-4bf5-b92a-d842581d453d,0
d268f9b0-ff6f-4b1d-8bcd-90ff150ed5ec,2
4e531878-9c70-418e-b11a-890d4bb070fd,1
c656c84e-688d-45e2-bc46-dece25bcca46,7
9080247d-f33b-4024-a852-45f2ca162cfe,0
88ceb414-2d85-4ac9-a344-c08c0d9e2dfd,7
04f9d729-8b24-4a41-aec3-29239cfb2c70,4
551ed217-3e36-4713-bfda-610be900fba3,2
a069f042-94d2-4f95-9a2b-75648a83ac5b,0
71789210-a161-4d87-82a3-be8c146098a8,7
9338cda1-88c5-4897-8f57-475ac7b4ac9d,0
1ac0f38c-591a-4b5a-b8f0-afb7918d19b3,3
b6acbaa0-b90e-4047-b6a9-943a69cf1d78,8
76ba9726-8486-41ba-9067-afbceade83ed,1
1a433913-4b1e-4d3a-ab63-ba6a16617fa0,5
74f88571-8741-467c-81b4-8a0c8738b0d8,4
5ca13c99-ed93-46ab-95ff-f37677ec894a,1
040e7f1b-85b4-4fd0-8244-125c45b0715e,1
3587e93c-0be4-4df4-baa5-6faca57ebb86,2
b3575418-633f-4d8f-8ec8-398ddd725b9c,1
eb806277-6bb9-4bcc-91bd-0905534ecf9c,7
1dd18bd4-1ab4-46dc-9eb9-41269e42dbc4,1
86bc8ca2-cf45-4f70-899d-8f41464d399c,3
dd7e6933-dcc8-46a4-aa7f-3bfa49253058,8
b63c9648-dfb0-4da2-8ab9-ec06556f2cf7,3
64691b37-5ad0-4ff5-a1a3-e2b6aa1be4db,0
430256c7-75c2-4ea3-8dfb-10831a037df0,2
78a67086-dab0-4d86-bf81-1171c0c4af7e,0
115f6c8a-65c0-45e4-bd32-ea2370c6d204,1
b20345f4-b08e-4460-b356-efaab25d0613,4
4db7fb0a-a2e0-43c6-999d-59dfeddff7ba,4
9db009bf-3a41-4395-8c38-f59809b6813d,0
ae80f1fa-2457-4fd9-a8d1-ab15c3bbc949,0
133c25d4-b70d-46a5-8afb-75ad1aa614a5,2
f6e6f339-1699-4876-a881-15bcc604847d,1
fe6cad2a-a443-46a5-bb6c-0406d6f00c92,3
2d30306a-591e-4079-98d2-a856862eb34a,5
5777496b-7a09-4c41-b6a4-7a9e8a59dbad,6
213205e2-c443-4bbc-bdb4-ddce1ad5f714,2
c7dcf59c-6524-4034-a8b4-f237dda88fb7,3
60acaa91-7b76-4c53-b86a-418dbfda5c41,4
3f2e8951-94ba-471c-9d18-8f42b8134bd2,8
beef9a33-26cb-4126-b3dc-a8e14efc776d,4
3104b966-de91-4684-8ee4-f34c3ab11061,1
a4c93e41-6a23-4c54-a285-a9aeb7454991,1
f4ad31cc-98c9-4bd4-b747-26dec8effd93,5
8b795a7b-c4ac-42c8-9452-fbbcdb368946,2
860212ef-5ea8-4c46-a510-0315dec613d9,0
9ac6edcb-b283-47de-8e76-8de095c35b54,3
149af67d-97f0-4a79-87b1-a995dca57333,4
86234620-d1bf-4395-ba50-da1c07148744,1
c2d85635-218d-4118-8a39-620cc5700bc4,7
564e132a-2706-4f5e-b9b7-eb3aa1010c00,2
cb79fcd4-2ab2-4fa0-b21c-a0e643d27a5a,0
fd40a0a0-722e-4121-bf5b-b3b6f80af6f2,5
d5261fb4-3d21-48a8-a940-88c4f49839ab,0
169db30f-9b6f-48ab-8c7a-36c80428dd04,2
7fd90b4a-7fc1-4c7c-9090-b1bfe31aa771,6
7725ddca-74e7-4dd9-bf82-4eed0ca83cb1,4
2c778f4e-2505-4e83-a5f5-2c3e82880f68,3
b43178a4-4053-4d86-9dd5-cce1daa87be7,2
025c283d-b7be-48c0-a776-0652df621164,3
6f64443f-4a7c-4df2-999d-a277fba920a9,0
d1b1be0e-e33e-4cf8-bdb2-37ba980a7a5d,0
2d04dca2-bd74-49fc-98ca-f10d80063fef,0
0c15baf7-1b42-44b7-b71c-d0cdb799ddb2,1
6e264b4a-c18c-45c7-8c3b-9d6231e0c0b8,2
2412210f-2546-4f31-aaf0-953a509e93a0,8
1834989f-8475-49ef-857f-7a38792ec663,5
081a6f38-42d2-40cf-a81a-9cac6773972a,0
ac6b048d-7077-4cc2-8f4b-69b2cf6db3b3,4
9f66ff06-a43e-45b3-83ea-916cdf64dce6,0
dfb149c9-61ba-4262-8cf8-e2250ef59945,6
a1a63b65-c4bb-4ea0-8acf-53b74b881398,4
18c54590-eb5a-4a3c-ad10-9817b11864db,0
27d88a5f-cc2b-4d5d-bb8c-b63ea641e598,7
865c6d62-f463-4b97-9078-9f6fd50b5a43,2
327d87bd-7384-44c0-ab13-f75edc22e22d,0
453662b3-84ba-48d1-9472-56c332417f84,3
73bbd7b0-9a36-410b-84e7-0ceeb3719dc2,3
591f1f8e-2d1d-4fd4-a74b-6e46311022f1,4
371ab081-bc0e-4eb0-a2d5-195983fe3a1c,8
908678a7-958c-4740-b904-18f0a8fff440,0
6739d17b-9e82-44d9-87e8-14cb790a07f2,3
e15548a4-4a24-41e8-ab25-d012327d0e89,0
6e98297d-e656-418a-a1e9-a2ac0afdc8de,3
583b8eca-6e62-4f6c-8037-680178cdd2f1,1
b5e444a9-5de2-4607-8fcf-9559b4d8a05a,0
c64601b3-326c-4a22-87ab-50342d734fda,1
d97c898a-e6cb-4b6f-add9-8a654d961dfa,5
0185642b-75c4-4d15-bd71-70116b9bb711,1
d0fbff3e-b1ac-4172-8347-6bc01f167291,6
38a359b1-e5e1-4752-b55c-3e3f700a146b,6
35643d02-dc8c-4b73-bb5a-decdbfefc825,0
c7e8d3b7-3ee4-45b7-a0ff-1bccec2e5f5d,3
aeb853aa-b13c-42ba-b359-841e75141078,1
880f1d79-58da-4c3a-85fc-39f6a2703f84,0
f24912c8-11a8-4a1b-a22d-46d86bf28cea,5
eec30e04-2dca-462c-b86b-e0d5c448c1a4,7
c5ce8beb-029e-4b39-83e8-f4e56b0d5b86,3
5178e28b-b9fd-4f94-82e7-ce884d815cd4,6
34521106-83ac-457f-b1b1-68fcbb8f043c,2
cbc80dae-8470-4951-ba7d-eae18e185152,5
469f2cbc-626e-4a67-b563-fbc37a71721e,3
759009e4-d0cf-4fcf-b67d-a5757e2f479a,7
892aa29b-10ce-40df-9f86-1a2f3379c58c,6
23c51dba-b43b-4465-bf6a-1b31a9006cca,4
1542e6fc-5090-4760-b346-c14fbca60b94,4
88912e9e-6a3b-4538-8853-1a0b2277c263,4
f69b31bc-f575-40ec-91cb-116d0f8df77d,5
3aead9ea-d4bb-4028-bb4b-7a5da3b9211d,2
9042200e-0940-40b5-aa66-6a232c637928,2
f3e7724f-a0db-4634-8f11-c41f058c77fe,2
6b66eda1-2449-46ac-82ea-b6bfc974a369,3
8e7fde5d-bc38-42d3-8c67-09dc27c9f592,0
c4ea1069-fc8a-4f1d-8523-ba4e1eae60d9,6
6adbbfab-020c-4d7a-a3c0-c18b71d376a3,4
0fd0f577-992c-4e5c-b0b9-45525d9d9ec7,0
8de2fae2-0ac6-4894-85bb-c044b91d5c4a,0
d960d9be-a78a-4e80-8278-132bf10e34a1,4
e98833f2-982d-4b8f-b83f-5849f80284a7,4
de57cd40-e004-420f-b0ee-08f84d6ec98c,7
b8dc2a12-3ad7-45c5-8541-176ba0ad09cc,1
1470b08f-a79e-46e0-9b39-6373bf741d14,0
1403a9f6-b185-4a64-8943-7d004116b856,4
67ae9840-5cfb-4462-9f7b-7aa82d672709,3
9eeb1ef0-c1c1-40a8-aed5-fa8681579e37,2
cb2babfa-c1ed-4bfe-84d7-ee3325aaa6ab,0
46cb06cd-d785-47e9-b9ef-bf38eadaa946,4
2e5f8ea1-ef9a-4975-b1a6-2fac3f0d8b23,5
98660e99-4a50-48d4-9c28-e86efd6860a4,4
a9693124-c328-427f-af76-4f207aee8c84,4
0d3664fa-c519-46c6-903d-cb69321b34af,7
05ca212e-b5cc-433a-84da-69b5eb2bf379,3
7131c215-f470-42d6-8798-a3dea6e1bedd,4
9fb233f1-9462-42fa-bb0c-ec8e26d8be71,6
efef6677-1173-4614-994d-f88283ecde54,4
1e1429a5-caa8-4471-8e00-6d273fefaea3,7
621a375c-2f1d-4e8e-a50d-da853e239783,7
477d1f3e-474d-4865-b8e8-1b9da2d17576,3
a0a7f2c2-a01c-443c-8c78-fd8a45e31ea1,4
d5bfdf12-9e34-4875-b822-7cc96f24f0d2,3
f458d185-0851-470f-9cd3-f492dec36b7d,4
278704a0-e0c5-489c-8e83-2fb5d294e3ee,1
4c677607-e989-4e03-9fa5-7046b3f399ea,1
f56d6649-6c21-49b3-b97d-dd3c41185dcb,0
dc65e332-c9cf-4bda-b230-6aa82cce0cb0,4
73bc6a6e-730f-46ed-8036-332ffc3dea1c,0
0d6cb515-94c4-4a65-8916-00cb434e3bf2,0
6192406b-ad5c-4b08-b130-fb86fc812f43,2
2b1cacf7-bc85-4b4b-b927-b190e9b0979d,3
c49bad6e-ee99-4719-9daf-8143b2d3f1d2,8
f618a2b5-edba-4591-9f34-8b04b4f424c1,1
df6b17b9-c772-419a-9610-fd2173aefd8a,0
3e5a8a66-7e4f-452c-afe0-300e2e9e0e53,3
b30e5024-389a-466d-9d8e-596336cbf917,8
fe96567a-79ea-455a-8036-7c821e9d0a99,0
1860922e-8bf0-456a-a606-21b59656ef8f,3
7e30b3dd-4321-446a-81bf-0afe5f22a965,5
69822d43-e49a-4e07-a21a-5c8c2143adf9,5
92f9529a-9ccf-4a99-b9c0-e229584456fd,4
d7ddbf06-a42f-41fb-a4dc-88023e943806,1
a262284f-ac9d-4f4b-95ad-54131d4fbedc,8
63cbfb2e-af25-479c-a706-6451db728445,6
5cb0a4fe-be0f-48b0-ac8f-bf3068080636,1
00d4d7b6-2418-4719-b90d-7c56b39ca949,4
507c3c46-e829-4f0c-bf0c-0a807be17873,4
81e0fa9a-dde7-478a-a888-239ae943cb90,2
25ba4051-214b-499f-bb66-2a42c269d942,3
15ed572c-82c5-4a76-8612-cafdca8e13c2,0
f439584e-9f4d-4550-a596-6f5e70c42f4f,3
8b86e4da-6e6b-488f-a9f0-2e010f519eb5,5
df7a08b0-9d4b-4e75-bb86-f50bd423dfe2,0
3295ece7-a0af-452b-899c-d648eca23905,3
489afda8-4310-4653-b292-62d6fe4a135d,6
f6a9bdf7-06c8-437a-a7f1-ca4c6ec41669,6
a9457769-1f25-453b-8018-0e4bd3adcd9a,4
02b184e8-ef35-4a0e-9490-29e1771f2d8e,1
c5d581a8-a625-4790-bcfc-da4c10bb48af,7
0717558a-1f8d-45f7-b22b-b30a1096d294,4
b12095ba-6837-4e9c-ab79-ffe4399412c9,1
0983320e-6798-4003-ae71-864553617dcd,4
5aa52d18-2af3-450e-b9dd-70038b4a2c50,4
6ac5dca2-8b93-4304-b537-5422f4e2f865,0
c628ca23-e293-4fa6-869a-13a130e0fe36,0
a41baa67-845c-4f23-ae77-dfe23a9918d6,3
a3ba8872-1621-4766-96a3-642c97372698,5
cac69211-bf2c-4ce8-8ae2-245b1e5cba01,3
71cab9e2-0a35-4965-a3df-3944a7dc7391,0
2e38f91c-d932-4b2b-93f8-9159a635c641,0
2f15bc40-8790-47c3-914d-4fb584646c10,1
13b298fb-2ad3-47a2-b6fa-bf3f57387b36,4
5d114156-6c67-40d9-b0d5-813af88477e3,1
72df0d42-2c09-4509-bd1e-e75acc50069b,5
30667150-1c3f-4c68-9059-7b3c3dbb18be,0
9dc0eb23-f321-496b-98fe-2c044599dab9,1
b06f8b7f-942e-41e4-8ba6-81304880d2cd,2
8168ed29-d243-40b7-ae91-ee0ed6459ff8,4
e7c2581f-5600-4db9-8be2-fd1ff06aaf6b,2
2ebed5d1-73a5-4324-b47b-7c7968d683fd,7
82470b9f-1320-4b3c-a395-affb52096c07,2
b5e18d7a-a58f-497d-9934-9b5a92996660,3
646343d4-d204-4360-a295-e0ae46ffd5a4,3
f4610d0b-b53e-40b2-b0ff-f9f4208024a5,2
18d50a9a-e9ff-4383-889f-5996b43c747c,2
7904f94d-8fb9-426c-a200-903bcfbd3e1b,3
eb053a8e-37ee-49cd-a4ba-e97d7f48f242,1
e91e137e-252a-44ce-8801-78220d474525,7
3936a1d7-07ab-479e-b1fc-b56f73743900,0
64dee7d9-9a7c-4137-8d87-f5186953ef0c,3
dcecd5c3-4271-4803-aca8-d8f0c6f9cbe0,7
afa6f7fa-9e7d-4456-9fe7-2f0ea161d7ce,2
b4c29451-2251-4fef-b064-822d1350a916,0
6ce8f99d-683e-46ea-9323-72a2ca392de0,8
62ce9aab-80cc-49c8-a2b6-ffda255399b5,0
b13bb436-69bf-4d16-8390-803334da2a97,2
22518bf2-6e43-4da1-8c3d-239a0d22fe02,1
e08a141d-fe76-4c45-9530-f799c4eb1664,0
4cee5b30-ddd2-48f3-816b-675345c40d35,1
e7a65181-6e8e-4d0f-8844-2f08b427bf2b,1
3c31bf93-4429-48ab-8de2-5449589c5b84,4
e9616969-34b1-451f-916b-2fe359971889,5
e4eb3e1e-df64-4cd0-84c5-c7d049318d54,2
50925f33-219b-405a-8013-1b00b2e05d27,7
19f0e066-343f-4262-885b-c018e2d8a7de,0
dde3bdb0-f50e-475f-a8bc-dabfca5a7fc9,4
488fa92c-1660-4296-ad5d-80b86c424ba0,5
5f1812c4-d34c-4746-a79d-9c658659cad4,8
94758ff3-7755-4ce2-8fd6-d4516e12f927,0
7c33facd-805d-4fab-bceb-8572bf2a0a84,6
d93035a4-a26c-42ee-8ce9-bc99cb3ebc6b,3
dd4b566c-b69c-4919-b8b7-a3b36d0320c0,4
0fbe0672-919a-466a-af88-55116b9ea697,3
4bd4a130-a905-4eae-a9c9-14ed5d5ca3a0,2
b791fcd9-c320-4c2c-982d-2d174a57625c,2
9cf9ec2e-2c89-443c-8c37-cac0c8693f6e,0
762be2d4-07a3-4d83-a654-d4f5bb1f93ef,7
c2d3fc46-76a6-454e-994c-775c856d7119,6
47ffb36d-81aa-4cb5-ba6a-14399ecb345c,6
2b0928a1-ac3f-4bc7-afec-64d8a4ae4b95,2
2b7b4339-b2cb-4119-ad08-13451184f201,1
f598d0a2-d52c-4626-be18-dc8f17d94fd3,1
4704c92c-61b6-4967-b7b7-fc829bc4d37e,8
50735b0d-3353-4258-a38e-210168a9beae,6
5737f3cc-e090-4d0b-bd27-19140058f4c6,3
4aeb2a41-76eb-4f09-bcc9-39d4b59505f5,1
81be33b8-4cf2-49d7-bf2a-71a636e8f8c6,0
d383f477-c9b9-4ab9-9f86-3b8506b2604e,7
1bf8c56e-585c-47f0-bbca-d40ba12cefb2,4
37dc3396-c568-43fb-9391-2d938ae0b174,5
8f8e852d-c1ed-4f00-9123-8dd96a7b5379,1
4b581fed-0749-4268-864a-abe09e3c199a,2
21b9550a-246d-4293-9e9b-74acffce633b,3
9eef0ac5-cea6-43ac-ba22-470dc3b3520b,1
6b6e1606-49bb-45cb-9c74-6794f3360f21,4
1440ba6b-b813-42ac-877c-b556a4f9e32a,1
f965795f-bd53-4d2c-a30f-eb1224d3854c,1
f7ab625a-35c4-4272-93a6-606b45b3ca28,3
a82ed66f-c89a-4266-b568-73b3c2b89393,3
aa0d913a-174a-4086-9149-27fc5ee1d6e7,4
d0e54639-6070-473a-a48d-578abd81c02f,8
0994a1cc-eb91-452a-bb7e-0b483a3f800f,2
fbe3053b-9df1-40bf-9ed6-d0fbe384dd5f,5
e7b2961d-972e-42b3-88bd-0f3028bb528c,0
ac8df705-d34f-489f-aac3-6ca71103269c,4
1162811d-ee6b-4661-ad6e-91b7efac1741,3
52cddb0f-b0b6-483b-b438-defb842d95f6,0
3571a236-eb1a-4ce7-b8b8-29eb8985ba83,4
2fbcfb64-e341-49b1-b9a1-9eca0d70c61c,3
b1d5e97e-b7ce-4abd-9eb5-036e94a8f611,0
0e12dfd2-1e72-4d04-a234-956485c64fd4,2
55031838-e863-4b76-b12b-ac8ddfff331f,0
2da10582-f3c2-4e30-8c16-91ec159ba5a1,7
aa79688f-b9ad-4351-804a-eef388e4ae02,3
0a808ef9-a0f1-43d7-9587-dadf886f6570,1
9fd707e2-7552-4b03-8c2e-644c4255a948,1
390de4d0-87bb-4482-a9f4-025fd41ba9fd,0
b6803ec1-aaba-4262-83e8-e31dc0e2b21f,5
561ca21d-8256-4b36-b38d-c363be5207d7,0
75d9315a-67d5-435b-94a3-a9dc7a4bc202,5
97d60413-7fa5-46bd-bbff-c161b9c1e98f,3
7f8336ce-a4f5-47b0-a942-0887f7f3655d,1
286c10ea-1b58-4b96-9196-2c653a16b877,4
c2c515c7-e282-4c3e-a65b-8ab05fdc63ac,6
6cd047bb-9206-4e67-9e24-75c874e99a35,3
b19abc60-c859-44ba-8c5c-2a875a205587,6
10933696-c0a3-4a90-bf0d-fc7bcac84687,7
583aafe8-748c-4abf-b514-ac9517a991af,0
2b57d206-f1b0-44bb-92e9-f1aa512efa04,1
64a069e3-f0bd-4339-8b3a-6dcb156b0f81,4
d908ca21-3a34-4768-8664-c721cf2fbb25,7
86b0498f-83a3-403d-9b81-f605c318e86e,7
9562a9cc-7b5b-4cf5-b44a-c74a1ff63a85,2
1034664d-b175-4029-87e5-642922e4f87d,2
9494c2eb-09ff-4a4d-895c-a66bd6466619,5
4e56650a-ac43-46da-8c1d-38da8ee4da3e,3
8874b389-c4a8-431a-955c-51d63915642b,1
d10e8f66-c04a-4df7-b593-bda35966e676,0
4fb80d57-f72d-4ee3-aa96-580abc1cd674,0
c35fe06b-d612-470e-aae4-2f8338372486,4
afd2b1b5-3440-4eee-94a7-de49ddc7e9da,0
15e76118-9ada-4c93-b452-51c9754b7189,0
5ebc39af-5e72-4288-a38a-7e5909b45b8b,3
01dcedbd-41f2-4c03-8d30-73f01d9c6cc6,0
f609d40a-7ad6-429d-a96b-f1352afc17e6,0
d68b2e48-b3da-499c-a5db-c6f7875c7c53,6
e9af6e9a-8b92-48e8-b9fe-237464dbf013,0
64cbfea2-36ad-4acf-bbfe-f7f5905fa3dc,2
1275ea02-503d-4d48-8fe9-60a295dd03c0,0
32c4f176-ae32-4d55-bf63-6bcd04f83231,0
293322bf-1587-4ab4-abee-ddb622c6e5d5,0
a66405d7-a067-470f-83b0-67621709b076,7
d4408ee9-99b4-42b2-a071-c2fbde511013,4
eb488bde-25d1-45b9-b7cf-3ddc4c7f4dea,6
b11396d8-3cc8-43a5-8740-d73debb27ef3,0
190cda72-da7f-4453-ba4c-12074b7ab840,8
cf2cdd38-1f9a-41b2-9e9a-cd3aba4edeae,0
597d1275-5044-4746-b078-4a1aeb4b1eb2,0
0c6a6458-8712-40f6-9106-c141b2651383,5
afd08ec8-c288-48dd-97da-740b9fb71c63,1
b00fc819-90e1-4167-9b2e-43b449882760,1
c284b7f0-6871-4809-b3bb-25b19083edd9,0
f3af94d8-6e63-4934-9f91-7cd3e47a84ab,2
ef1f9c53-e53d-4e97-94ba-c0adc46b08bd,1
326dd575-31b2-4c12-967e-46d0d1dade81,0
9f1f602e-42cd-45ce-90c8-86ff85718a8b,2
0eedc92f-282f-4364-a359-9c80c5fe0a10,0
393e30a7-045e-4877-afd3-90bea9d2a11b,1
0572cee2-893a-442a-8615-5fcc91dc10b7,8
2e502a4b-311f-417f-ad57-47773271ef59,1
002d21ed-320a-4931-b6a2-8dc8b43f115c,1
53a2cda4-3658-42a3-9e7a-b2687fe7445f,2
8fcafd40-8d03-4827-966a-2571b64466f6,6
a81b6e99-8e02-4aee-8bdf-0a93377fdc46,1
d59207e7-3e25-4f22-897d-26dfa1b9ae6e,8
5bf85921-d053-45e6-b17f-f60c8046cbb5,2
7dc2cd37-6c4f-41c4-b061-498bac840ed0,2
1852107c-234e-464b-9df1-a94e4b1248b6,0
62d21d97-c041-4e7e-b5ab-827ff5b9db64,5
205cd2fa-0f66-4263-92e0-4683cbb12a33,1
7c7b671b-26a2-42c5-9ae8-1d73e248b9af,0
ca8e3d19-7df6-42d8-b842-4bee84b09e7a,5
0b43147a-5f82-4ddd-8499-e19d16cd8880,3
7e825e21-a05c-4c5f-8e83-fa372a4b494a,3
f4c7ec6d-ff05-4f33-82ba-e3d8675e353e,0
2658d763-e139-44a4-a915-4ffda1cd8fe2,2
c3d58322-dbdb-4766-8035-3d925397f1bd,7
6d4e0808-8936-4306-8143-fea48f0554db,0
49ef8664-a65a-4898-a44f-262bbd4949c8,1
923fb57d-a5ca-4ac8-beef-d5d55ab44282,5
5f04c68f-469e-4a7c-8625-96e603e18f6e,4
9ccea9ea-274b-43c2-8c0a-0c2c745b4a31,0
a772eb45-66d0-437e-9446-eff9b78054db,7
ee776588-745b-43ce-a0e3-d15c9b68815b,8
f2f95682-ad25-4f65-9d0b-4be55dd0918e,7
7bbb1f57-2a94-4672-9523-a7c112dfc5bd,1
91a18f95-77bc-4329-ba99-030d44ec7bd3,0
31327c4e-a2d2-4080-b689-92f59131cfc9,4
31a26b78-4420-4a70-bd88-16ba1c51fb56,0
008221a9-3a58-416d-9717-e9d6d8111e7a,2
3d8b7dd0-b1b6-48cb-9fcc-abf1cb8e733a,8
ca488ded-b2fe-4fc1-a7a5-a0f7ccb42fbc,2
e7e34d90-be42-458e-8288-f32841fed50e,5
b66705b7-7cb4-43fd-869a-f4c28ecb8e8b,8
8fd3dcd8-3bc8-4777-9cd9-021899bb2483,8
784cbcce-9163-462f-a1e2-74881b6841bc,1
94edf49e-1bb9-412c-b972-bb85218ba9a1,1
d9dca570-9efa-4417-82ef-b9e83236d080,7
82b592d9-39b6-4224-842a-c5d90c01a069,3
7e49a3eb-25c1-429a-826b-98043fe6ce87,3
5c3507ec-4f3a-4f4c-99cd-87ced10d5ad0,8
86c8f795-7568-4d03-989e-fe54143453e2,1
6645391b-54d1-465d-8454-ebeda3c65abb,5
a4a9f09d-5126-4b83-930c-f8eeb055d496,0
ae324d82-89d3-4cee-ac42-9f271b0765ec,6
8bab8834-381d-411f-a9eb-55c759c47247,8
eca13d82-4b6e-45c8-8a16-f3c2e113810c,0
2305ba6a-8246-4061-b3b5-6ea7a432c3d8,8
b7a6c53a-99f3-400d-b707-02c300ef67bb,0
ae9efde6-81cd-4fe1-a13a-ae0b0b7a97ce,1
4011e1e9-b6f1-4170-a654-c3d7734451fe,5
64c6dc64-da55-4eb1-b090-3496fb5485c4,1
25bcfd47-c087-4899-8eb9-1590d24bf255,2
60f07bdc-2e31-4998-94f5-80593ec1890e,2
a710fd24-4e34-4f25-88a4-024369869399,4
2a5c5634-6159-4692-8d02-85046d919851,5
a196f711-b516-4089-86d9-0c08b0b9433c,7
1ea92f02-6e82-4aed-8189-65134396ae14,0
ceb36cd8-ea70-4d7e-a3dd-b5ccdbb6ae56,4
696c9b51-a65f-4db8-b0d9-62c290013305,0
30ba342f-e5c0-4799-baea-036226dbe86d,3
51e78c6c-85cc-4ca9-a76a-d254b659813a,0
58bd7642-606e-48a4-9a03-da0b1dfd46d9,3
763a9951-511d-47ce-b853-f0bb4a70f397,0
8a8eeb33-7b91-465e-83ce-f8d2dad1fd6e,1
991a8ce1-43a6-478d-86bc-0b8469aa5df8,5
bc285180-eaf0-4c1d-8ff7-4d021e19491e,1
3bf5eeb3-4131-44d8-baec-61fe5ff0169d,6
fc18fb06-dc47-47cd-ab4c-97eb7fac1cb3,1
17be45f5-21cf-401f-a831-d411ebcc9510,0
0ded818b-36f6-4f98-9916-0fec74a82188,1
795337c6-7d1b-4b8e-b153-9d525148bc3c,1
1d892b24-7d64-45e2-a71c-87c105dd08e2,1
a5ce4dea-7684-4167-98d6-e51fb5d04249,0
77252f2a-33ad-45b1-a9fc-b81f29aaf2ce,4
56b28cf6-8c2d-4a49-81fd-db947ac198ec,5
2aea6866-1b68-43b9-9444-b7b9ea329ad0,1
3976f9e9-8a9a-4ee2-945e-d9e1f18eb479,4
ab0f4b5c-1847-4d57-9dda-565a05122635,1
c5779013-2405-4958-9e91-45e45dd80635,0
415c2f06-c1d1-445a-9311-0e8231e6162c,1
a3609052-2c96-4e6b-b187-7f1128eeef20,0
7931989c-7d06-429c-a8c8-efc92ca4a5ea,0
022b0d63-a99c-458c-bac8-e348c9759b9f,3
7300725c-b709-471d-9d08-9512fe6d5eb5,0
4a31829a-5dcf-4c57-8944-3bb43a28b051,8
ad66019b-23fa-4742-a847-7b0b49f90d92,6
0f4cfb0f-6671-4b21-bfb2-6aeeeeead1e9,6
9e455828-eb49-4d4d-88d9-0589756a9209,4
1a1c9133-cb8b-414b-a21c-e05d6bdb5aa1,3
2621d979-80a3-4a5d-bd86-300e7d9756f7,3
cd42e206-d91c-4652-a336-70ea21d19622,5
937755e4-9581-4c74-960e-5553e95f5cdf,3
d4ddd342-2a2e-4449-b4e5-58893cdafcf4,1
5c928d90-824d-4f5f-87ea-b3db7af293c1,5
eb80c4a1-765b-43f9-a502-8af3107355c5,2
b69f592a-5164-4fd5-ba32-0804a634d04a,1
dab83285-2589-4792-b7ed-48a4d67e7cfd,5
4a6ad1ba-e482-4233-8db5-fe8833bc6b05,0
efa508a3-80ce-4c65-a21c-b15557e50243,6
7c360ed3-9ac0-4d6f-ad13-18391ff1c2ab,0
5378b56c-e99d-4039-b659-17413e81d251,2
e564fd34-f1ea-4c53-aa1e-f88ea16c63ee,4
8d39dcdb-4dfe-4459-b10d-083cdd40af11,0
6da48139-e922-44c9-a6a8-054594703387,0
ccdb26cb-1103-42b7-be13-5414ff764796,3
99039cd2-73ee-4750-932c-c52bcb84e442,7
85dae4b6-d339-49da-bc90-2022fdcad143,0
19b9ca72-9a69-4a16-a8dc-905a33227cde,1
d9c7ff49-3350-4ae9-8c55-d2b4472c7576,6
9bdb0c49-cfed-437d-9214-9e39fa38590d,2
cc4e04a0-623c-4eea-8779-644f7b74cd58,4
3cc75877-8978-4a9d-aed4-73006c3dcf59,1
390ca630-8ea0-47ff-babc-d3d9c2b906ef,6
cdbaf171-19a2-4b8a-98ea-86f1545fccf7,7
3c010026-f813-4e4e-abdd-d36a8970a76d,4
d3af2e8c-c0aa-41a9-b5da-ff6bdf4d5e7f,0
54f54488-9703-4d50-817f-5401555772d4,2
976212a3-3d9a-4351-b921-70a9e63d0e13,5
42013e22-9992-4c12-b623-a152bb76fafa,6
eac4a427-270d-4a57-8cd1-8ab7253364a6,8
a7eabe0a-7085-48e0-95fa-09d2169925b1,3
275e554f-2868-4dcf-9a87-c0167966d505,4
b04ec6fc-f4db-453c-877f-6fe029e065da,1
290910f3-f7aa-4748-a1da-d03578179f86,0
9f70c030-c806-412e-8eb5-db11ea34d425,0
7a280c10-e5c7-4a3a-8e52-3ff1d9dfefd2,4
e7cd3ed5-8761-4872-8499-8079137d3f1c,0
328a6035-23db-4ddd-aa37-a0ab12b8d022,2
1bc55c26-799c-47eb-874a-3730658c3b39,1
a4f64da8-cde7-4c2d-9bd4-c2e990fa5a4c,0
a815b825-f196-4230-ad95-c7f19e144ea8,3
1afeb8b4-2314-4356-92ab-603e871dc415,4
d9dbcbe4-31fb-413c-ba84-75a3d64bb76d,6
4d60e1bb-5a31-42da-afc0-eb4dbe2b5458,7
9e648d48-caf8-413a-abe1-8dce3a2b1571,1
16f26d1d-4254-4f32-a155-b30d983c3375,3
99643dc3-ee1a-4686-84d0-13244f38e39f,1
3f96ff8f-d20e-4c24-b79a-77dcbfd9d86a,5
c501b12c-00bc-4571-a34d-bb303fba49e7,8
2dcb905d-bc95-4b01-ae76-6e1ec18bfe11,0
671b887c-811f-4c8c-b5a4-5d223bde26e6,0
bb7f3941-b143-4136-8fe0-f3f49664bcf6,2
70a4a2be-a79f-477f-baa2-92d140d3e6ad,2
7f56b43c-aa93-48b4-b55a-fdce20074c2a,7
221a5bff-9b0a-4d45-8ada-f27fa8d4704b,7
222c5412-aa3f-47a5-b529-ed1b944bcc69,3
ab17565b-c795-4fc6-9fc1-f3dd7de32d5e,6
86d3331a-2d06-4cc3-a81e-b586ae7a58d3,2
6dccbd1f-a7e8-4333-8b81-a5e327bae56a,5
8dfb46a1-1c5a-470d-8d81-d4169a86f6b5,0
48ac0d17-1319-44d4-83ef-8cedb39100d4,5
a425420d-8daa-4243-9e60-47a831711ff8,2
428353d8-0fb5-4d5b-b27f-5438a378895c,0
14f53283-ff2a-40e2-80b8-1e7ee8d74aa4,0
b23d4dcf-52a4-4e83-ad84-0ff500eb5a31,1
691bedfb-73c6-44fc-85db-55c3cebf8303,6
072b9f7e-e918-4eb3-a906-43bd00f0fd93,1
f9d9334a-421e-4e78-bddb-2974aab25d1c,0
599e98fc-4c05-4e22-8e42-4d0508420c8f,4
2e0d86b8-9851-4412-9b70-91aafa29340f,2
58347b01-1b91-46e5-ba43-48d6e03555e9,2
cc3fa399-cf41-4514-ac99-6d41fec9c027,4
76560a60-4438-42e3-ae71-5b7bf5ee4f69,3
65a5239d-7a72-4f63-b5d2-9518f002ff60,3
44567f7c-9ab6-41d5-b64f-09d4f366c819,2
dac6c58b-e3e3-4f71-b67c-135cc164a40f,0
6e5e43bf-e13b-40b0-b1cd-83d4020b5ce0,1
a31b3650-7f9e-4548-88cf-95e24b26f2bb,4
49c7b1da-0b2e-4fef-b307-b56cbfacfeff,2
c7e7f473-615b-42ec-9a71-8daadfe5314f,0
23a6c82b-2972-4708-9f65-4e8b2ee1e66e,0
3445bf87-db8f-4123-bce3-4b8879e96f98,0
4043d872-a64a-499e-8232-b1a503582f5b,0
7ff05472-7dd6-4e6e-8e29-d0a487da406d,1
bf741635-7430-4dfa-80c5-cc146778605c,2
8b1a0efd-27be-41bc-91a3-dea139224486,7
d439da9d-466c-4843-8fde-e66e463f02f3,5
f7a78edc-0dd4-400a-a2b1-c4ac5431d43f,0
cdbfbe15-9905-463b-b9ee-432406477f5e,1
dbae6c0a-4e03-426a-bdb1-b550faa2850a,2
8ce0aede-02d2-47f4-882d-708fc8f86a5a,3
aa07757c-8511-4d1c-b585-edbbe107ca90,2
636b32a1-9bc2-42f4-a95d-094e4af9d030,2
cd4fc956-86f0-4a0e-88b3-c84fdf8d4907,0
05dda087-bd28-429c-ad4e-d9b92ed7d14c,0
fdb9b6ae-d610-42cb-b410-b546785ccd0c,1
4dcb99b4-93fd-4d82-87bb-0f6b66d25e16,0
437c9d81-8a15-4bec-8215-c1f3990495f0,3
a522ac0a-080c-4aa0-91bf-d3dda16e18be,5
1223d2bd-4507-4d32-af60-de9d49d16da4,2
76c417cb-10aa-4b84-bbd3-e0393d9afd92,7
87d00b44-f431-4b80-98ef-61e1ad2543c5,0
d4db47a2-690b-44c4-aba9-f56db598d9cc,7
37e1a565-9bb9-4c94-bee8-c5fc803edf86,6
867b7fc6-4410-4402-b8e8-04675b2bd459,8
cb3d7892-3eec-45e4-9665-51a6280b31ad,1
f6e4dc29-d657-44e9-a390-b8492887b2a0,0
3b90bdda-97db-448a-aef9-64b9d1a59ba1,2
488eaa16-2819-45de-a57b-cc6f44fa1fae,0
35b82856-7347-4e29-9048-927fdafa9a27,2
31d379f2-e562-4ce0-a080-43da7ed1d69e,0
94fcbce9-cf35-46eb-9fa3-bfb1fc875c45,3
3fcdf1a3-2732-4106-81ab-5fefe0f97cca,7
34adb374-c763-4b86-9f2c-40777053f6c2,5
86af0579-aba7-4bbf-9439-b604cbf35bd1,0
099459ec-e5f4-404e-9f25-5c30e8ff92ac,4
bc3e25b5-75b7-4313-b5d7-70808b4faa73,1
ba104dce-6464-4407-b330-7e21370c9037,6
817f43e7-f71c-46be-a1de-4b2bcf52a99c,2
15e4636d-37f1-4587-ba6d-2cbab790c794,5
1c6992f5-97ae-49bd-91d1-ee471b954a6b,1
6d8a4019-19ef-4c38-ad93-8f2c0f3b0cee,4
d0aa99b3-b106-45db-ba67-e113c1a7859c,3
8f428541-80f2-4b6d-9f9f-c3b390c62914,0
435bbd94-cd18-4681-a9f9-159a44b177e1,6
d67dec2d-099e-4211-9009-d85bce6dc8d8,2
29a01535-54bd-4d4c-9a01-62239a01bb5b,2
34f1ab2e-9098-481b-9fe0-f3d6d69296f0,0
205a6f18-0367-4fdb-9e11-d7b6b1a88290,3
d0fe939f-70d9-4a07-b484-c9da4aee5989,3
22884e8d-494b-4dbe-a138-252626fea146,1
2fd45c51-a22d-4e15-b7cd-b052a88c1553,1
e86932c0-455e-47bd-b458-00a7fc5a1010,0
aa981662-729f-4e74-ac4a-50c744aed8cc,2
77519ec2-636d-427b-87bd-5a27ea7047fc,6
6080338a-6f8d-4844-8455-e7ff14d9163d,2
a419fc7d-7ef2-4df5-82e6-a99ba4cbe656,3
2d6f4312-7717-4ce4-b796-c26627e1dece,4
5c6553d5-6e88-4e0a-9f26-8adf27f2f14c,0
3c8b327b-fa64-4574-9827-4a7952bc1936,6
1ce1f814-1c99-40ba-b6b5-1f4ff19d9195,1
c1b077c9-b28f-400f-9c87-c35bf499e3a5,0
ea1d3a2d-4c29-4941-8788-ab45617bf4b7,8
d2e07d62-804c-4004-85b9-30c556d70047,5
09f535b1-1caf-4798-a459-1d7d392f0bc8,5
cff8d64d-b857-45bf-8c78-7122ac93258e,8
4ecc421a-a420-4b35-928f-84e9e70bd7bd,2
37466f6d-2610-4267-83df-a180b7c8e0f7,3
11316b41-19d1-4856-9937-821ccb606812,0
f01d6d2b-3b02-40d3-9009-15a2602314a4,0
b4f8c9d3-bf72-4dc3-9a2f-ea7c7afa0225,0
f7cfd540-e9f0-4d35-8fe3-5975fb17affb,3
07399d03-6033-4281-8eda-67f07dd6b33d,0
5c2609a2-f524-4743-9696-07d4966ae5d2,7
090d75a8-cd9c-4657-aeb6-27b275b8b272,0
b633cfe3-48b3-48b8-9434-e830ff0bea68,2
6e2c4673-5078-4b4f-88c4-349262352d2a,0
e0f82eeb-73c6-42db-afe0-e4ef51b00639,2
e25becca-6859-49b8-be23-fff4b1abf93d,4
45a9da69-6083-4705-8bd0-9fa12f406dc2,4
19763a4d-8b75-42e6-a026-3f84f9212d65,0
44769843-e3c1-41d2-a323-239b3456e80a,1
1e8de0d8-7bc6-4078-b661-649e707eae36,3
baef0026-634f-4d78-844f-cd7f15d697f1,2
172fe523-6f46-4d49-9f9b-6782977a8853,1
3bc17442-69b2-48dc-bf53-7ff8a5c9532e,7
836baa30-d4ff-4e6a-b18a-ffbe7a23c494,1
9766f27a-7053-4433-a0ac-0faca3ef2cf8,1
8fecb744-3adf-4def-972a-2afcadf86c0f,0
03b3b2b8-69da-42b6-8bb8-ee518c301f3d,3
b1abc73b-36ae-4235-ad26-16f9651ea0fa,7
7db533b5-4e30-46e6-8f3f-d6c7f20a139e,3
b61b0545-b8ff-4eac-beee-d57bcc406189,7
aa78e974-c70a-4b59-92b2-58e12412e29a,3
f9eef6ac-bd1e-4883-a4ba-7c77589fa6cb,2
acda7111-3e9c-49ae-abcd-705a80e22477,2
d8e119e4-f46b-4571-96cb-a759d3848233,2
392664de-7223-41d8-8f92-c94dcb40c481,4
4fb922b2-a0a8-4343-9766-263ea0569b0d,7
b24dc08e-e840-4add-b870-2955173a852b,2
afbaec18-f738-4fb4-96d3-37c3ab8776a9,1
8cd86831-0109-4731-87bd-ef7f82fc2573,0
770df2b9-c408-48d5-ae67-e7656c5ba340,1
f28a996a-8dff-41d5-94e7-318bc257fa36,0
f0a61c9c-bec9-43e3-85e8-8f576861ec5a,5
abe37b1f-1612-40dd-9db8-1a91cfd9557f,4
28ecb8b0-90d9-491f-a24a-ba907a17234a,4
ee43a42e-f954-42f4-90d0-9771118af25c,7
0b889b6b-3b3e-4982-a018-85c05191b8bf,7
b88a62da-c466-4386-a0d5-e73b11f81ea9,3
d2e53ed0-1033-4821-a134-44550f490a21,2
3b707c0b-f67a-48bc-9f6b-4df872cf30e9,0
293bf30f-6190-4074-bc98-e1725de3bda9,4
4ac26b75-360b-48a5-bcf9-5e1d83d8dadf,5
31603143-876d-4056-8438-e179a72cfff7,8
f659eddf-0f24-4fda-89b1-4ad4ece568b4,6
2e308c9f-5cc9-4c19-b5ec-8977c33ddd01,1
e898ebef-09e6-46a2-86c3-eaff303542c4,2
1c58f2af-80be-4c6f-8195-22b37845074e,8
35ae1049-c6ab-4c94-bf2c-43b0f4f65876,2
9de137ce-9632-4481-85b3-c58c037e75a4,0
8f641d60-ef4f-452c-a35d-25dbd1b15996,5
12f75859-cd8a-4223-adb6-f04d4c5dd726,0
7e6c8382-e62e-4d71-85d2-9c8393fd2061,7
5453b764-5a3f-46ca-bd33-8348da792527,1
9e3b0d78-739f-4f3a-8cf1-8a88af49c0f6,7
91a6e14a-fc86-44de-b1f3-617887d85160,4
e75b05f7-3d67-4715-9827-2164438c2842,0
5af5a23d-1a3d-4634-a01e-e097b520aab9,2
3cc02957-81b1-4323-9876-26341c870336,8
4ce46af8-958b-4380-8f89-535af23c9f10,0
c09c28f4-0ffa-404b-8363-cfbdfd767898,5
8976399f-ffac-4ce4-a89a-c59406969e9e,7
92aba74a-97c1-456e-94bc-abb920392162,5
53dc4a8b-d5dd-43d1-9da2-2f2ac606dbdd,0
72fe8b1d-02c9-4122-9893-9de6d65dd033,1
f81bb11a-cbc3-4e9e-92d9-7af77854a2c4,7
a11bf9f8-44b9-4f74-a80e-d4bde14ccefd,8
7f3e35c1-216e-417a-a7eb-1f35af7d3803,0
b59d0b23-2f06-4d30-b057-03450103f5a3,0
a7867e3c-7d90-4923-b7d5-90f064c85528,7
37396050-8d8a-4848-be2a-3da6598ebf34,2
6f879500-356c-4637-a10a-c27f0a48d586,0
402b8091-055f-48c8-a881-c8d99e62ea9a,4
f8e12625-bb1f-4111-8951-c49f368cfa96,0
792a1cef-02e2-4d7a-95ae-63b215545cdc,5
0e1afa94-4e27-4821-870c-2ac8661e0ad6,7
54523355-4ee8-4b88-81a1-eba44c9103c2,3
0451fa07-42d3-4aa2-bec7-ad8452ff77d9,4
ae9aafdc-acb8-46b2-bcbc-323edaeb4611,0
e98fb107-ea9b-4bfb-aee0-2fd355776fe7,1
1ecec962-d4b0-4f48-af76-76bb949c15c4,4
d354905d-a686-4607-b04c-af1395b3cf5e,2
d14fd15e-58dd-4124-93fa-39d9e9d61ed1,0
d97199e5-0f59-4312-94c5-6b2b1a6ae5e7,3
f1bf5260-12c2-479c-9242-4fabc0fdbe77,0
9a839121-1e43-4731-92bf-9764a1ba11d5,1
4e790c1c-6acb-4567-af57-06c1c8f39a36,4
39cd7a48-4a17-4bd2-abdd-2456c32d62e5,8
873f59e0-0f3a-46ed-9188-235d129c90b1,0
ec3d0b0f-1e0e-4545-9833-1e2591b1122b,1
602ac965-603c-4557-a775-937305c2dea6,0
387b447b-e119-4a23-af12-5558fa1aec52,2
cf1f43a2-06b7-41bd-ba1b-26b028043bc9,0
e8514151-0104-449b-ac5c-65d0f44d8aba,7
3696eaf3-9a05-4e49-be35-00bb659437cb,0
40f492dc-233c-470e-9f2c-d66c597d279f,4
5e7f322a-75a2-442e-8f6f-fab2515871fb,1
65c8bc40-49fd-47ec-8595-95cfd73cdd64,5
890d9258-e7d6-44dc-9c35-ada119e0f6ab,2
e66da415-ec63-4a32-abec-6a7a1031be01,0
8eff4e38-4aaa-45eb-86f0-c18a6aff9a84,6
0c997e36-97b8-4a5c-9d79-bf07d00beeaf,1
ba4011c6-99e4-4120-9501-0e10dfc38d75,3
2f1f2703-6276-40e7-801f-85eb83c55fdc,2
28bd0d41-cc1a-4be7-84a1-ea35be8d8a04,0
e12c4044-c584-460a-b599-47679c8dc026,5
05cf35bd-542f-44f9-85fd-94ecbf099f56,2
267517da-70b3-48e4-9355-354648035691,0
e174e23c-e214-438a-b280-c96b8b756616,8
e6827f7e-94f2-453a-a2c9-76fe6100a7e7,1
c07ae527-c37d-467a-8b1a-3b7da1db7b71,2
e6f9c0a1-f274-4877-a3fc-d977ca5b9af4,1
15968317-d8bd-4fc6-aef6-064a9d0aca03,0
0f2514cb-05c3-4a77-9169-df68b35aaa3b,4
027058b6-a8fd-40bd-9bf9-0ae3b57dced3,0
69094178-0836-408a-bacb-fe54a42d99d3,3
d632774f-82ee-4a60-9c54-df39f38a8ca5,1
52e20cea-b50c-4994-b848-4bfb39cff733,3
73da0253-708e-4536-8ec8-5024eca8084b,2
48505f13-97e5-4c3c-af87-0063b6107406,6
19d448ae-e99d-4348-89e6-d5a2399e501c,8
de8f68af-a405-4033-b019-075214b1a042,5
86fca2ad-00fa-4007-b60c-70dc8c9ce0a2,2
2c9e59b9-f547-46a2-b16a-7d04753e8492,3
5bd3535b-920d-4667-878c-12502127a1c9,8
3ccffd5f-07fc-4a45-87d1-1d1f8a35d56a,0
3058a427-ef6a-413c-8ee8-99e985bb8b85,0
74805537-1b6d-4b84-a432-07a7a220cc7a,1
6544871a-433c-447c-81a3-885614b87161,4
b4f882cc-fd3e-42e9-92cc-356ba24b10b7,2
e7b90623-c3e0-4dac-b10d-b4e85526c23b,3
eabf5f16-96bd-4524-9b5f-1a0671389521,3
1351a030-0226-472e-a4dd-eee64744a14a,2
0df3a5b1-ecd6-4f06-b464-9b96ba61031c,3
ac1d292d-948c-4609-8ef0-a94e6ef06f30,5
336c3568-95a0-4e64-9b25-df3b5c147186,1
a5c6c4c7-6627-4ea0-8500-a1b15f772f5c,2
d5dfa678-b118-4c35-8ccd-d47146a25c1d,3
768ddfce-384b-46e1-b1f3-ede5434984d5,4
8d0547fe-fe60-4df3-beca-8d6e9b53f2bf,4
3bdb494c-578a-4cc0-a2d9-7195075babfc,4
4c12721f-f16d-49ca-a185-b235fce30510,0
5b89e7bd-b1b9-4298-a2d3-4976d4c65508,1
1574c407-a3f4-4764-9e4a-ed1386a5754a,0
fa0b5b2e-c317-4cbc-8d35-b0b1100558a1,1
d8a48996-9013-4765-87e0-bad16562a4a9,0
fde56481-830e-4711-8f1a-05b304c57b60,4
1c65105f-bfb6-4f14-b156-b1e02b47567f,8
75de8695-984f-4cba-9e88-7550c4b6b8dc,0
c9273ffb-9d99-4349-8d10-c0f8d5ba178f,3
05ca1a4f-bc0c-4959-a75f-360829f6bc64,2
8df33732-d315-469b-a5cc-ad7f45eca99a,5
18c0930f-30fd-4f35-951b-e8d1a1ba271b,4
28fbcb0e-b63c-4d72-a609-73f19e06cbe9,0
6548bcf4-a8ea-43fd-9404-7d2671c706fa,1
7b56a39a-e8ca-450d-a543-7f212d471d53,0
75de54fd-d184-4138-bc1b-bfa8e8596010,5
43c86a74-05ee-4e2c-aa88-a1ab9e466976,6
c48a6b10-1f72-470a-9b77-b55319a7a97d,2
d2000e9d-a426-4db1-a543-6c72f75252de,2
f6d3881f-6d4a-4ec5-bc5a-4818a51bd618,7
dd4f91cd-b177-4e73-bc3b-c7eda6d4ee8c,5
c4f35f61-d6ab-4faa-877a-1e3d616d5b17,0
3002fe7c-176d-4359-adab-6fbb3cfc60d2,4
8710ec34-d26f-4a80-ad46-18c9c8918553,0
769f6f04-575f-46b6-8fa0-cc8c956c4ffd,1
2c2be50c-30d8-435b-8b6b-e865c5c03aa2,2
e11f0e32-73bb-4b68-ab5a-1d1572925c78,2
aa3a3b8b-f6b7-4f18-acd5-920cf7b1aeec,4
34ed8384-9571-4753-875e-90082ba7e221,0
042fcff9-8f86-430c-84db-b5116d7ee9d2,5
62aa1b4b-5235-4127-a1d0-c63f54d06be6,8
086d1d11-2213-47a7-becf-a68e6a1fb104,1
6e4c10f4-a58e-4d7e-83fc-f6ab95ae9161,3
6d8c3443-fd2d-4e7d-a9d0-2922f04b72c6,4
686a4ce1-41b7-4fd0-9946-30861cffe1c2,5
d48b356c-765b-4f48-9085-392fe76bc66e,3
c0d91929-e3c9-4c50-a592-f02ea3cdfd14,6
2c577c0f-8d13-4488-8be7-9224dd68c334,1
410ae1c1-60fa-4d98-837b-d11c18ebbd68,7
3221ab60-a487-4395-b578-fb7264057d07,2
122dcc14-4925-4d49-ae12-437b4e511de5,1
74ea5521-1d14-4a2c-a295-4b3c8a5d777a,5
fd032546-988c-4002-a6c6-96f6525208f7,0
c5ed2095-300f-4e9e-b1dc-4db71f2d7ed7,0
1f342c85-e1a9-4d1b-9428-dbc34417df9e,8
bf098143-6987-49cc-8412-711a41ace61b,3
08f20862-0577-4775-88ff-e2f25dadb42c,3
19788a0f-79ce-431d-bafa-027e14683274,3
92f83ca5-8a7b-47f2-8921-555fe11b5a56,2
0ab0dc97-333b-4c47-8f2f-e052671731e7,4
b00437eb-b138-47bf-9246-ab94a6368fa3,1
2ea03a23-e3bb-4298-93b0-5abe32e793e8,6
66f6a70a-badc-48b8-b478-1d07e54e989d,2
b91ee282-af5e-4964-a652-4c39893c1400,5
6c048b51-68d4-4f40-a1d8-0f9743d119a3,1
7fb1ea25-b720-49ae-b65a-33e9c5c56375,0
09d97af6-a294-46fa-828c-a43a37b5ac07,7
6edea0ea-4309-4983-b92e-19c307189be8,0
86928dbc-e83b-4fe3-aa5e-f8328bc1ec23,4
df2e7176-c622-4187-aa8f-526f7b27cc87,7
4b64891b-099b-49ef-8380-b5e4cff342b8,3
cf1e4a80-b761-42bd-b0e4-200812f53128,5
2e1c0fca-c072-4ac4-a93d-fcc531e316c1,5
a473a082-9635-4065-bc7f-d07238856690,1
5ad8c90c-d524-484d-94a7-e5f41aa9eea2,0
19893c15-2f56-456a-99b7-9bffa8cd4fc7,0
483c690e-9570-4c49-9aa0-c25e9091e65c,2
761cf945-60f3-4dac-a55e-0e23c42e618c,4
abbed47b-8932-43b0-aa80-c4a8b07fbd10,6
1ca898e0-2c51-4f11-bd5d-004091404c41,4
b0c3543a-d57a-41bd-aa8a-901ee3ef7980,0
404273e0-2159-4300-aada-9d1870972479,3
4e3db24e-2d4f-4aa5-81bc-ef0f593bba3f,1
c565312c-32d3-4d14-9a75-730826f5ba81,5
52937353-962b-41f7-b44e-a58e9fb839bf,4
313cec0a-e658-4851-aa42-c6eea891508a,2
2c8aac43-2de7-403a-bb4f-335ae1d023f6,3
73450bef-eabf-4043-9df2-3c3cff564420,6
28f3edc4-5b14-4f7f-9d89-9c9cbcf7a51f,1
824d38f0-1c96-4d2e-9bb9-55a358df13a2,0
a0dedeba-6362-4dca-a5d9-cf0e908e4459,4
86291a51-c432-4bb0-b195-07655cfccc19,2
fc29c275-0c02-430e-8cbf-2af6a30aaa39,4
209980c2-472a-4731-9a1f-ffc240261cc6,1
698c9a79-9720-4848-bcc6-a28c6754cc0e,0
840c7898-5e06-49a4-a9ee-e0771f3cc09d,0
2e08457d-c45a-4e83-aee0-f6072289a460,4
e39f3f44-99b8-44c9-98ad-9dabc2001e1b,2
d7a46d62-f2bf-4864-a41e-5cd1a532497b,2
ad4c40bc-ca59-4e53-94eb-293f72149c06,1
18deb024-f3b6-4096-b605-52738ccef3b0,4
ccaf9bb4-81cb-4012-8336-071a6d706330,2
e45372a9-553f-4ccf-a60e-3abb912f5389,7
fb7ac09b-1044-4651-9c93-42eabd94eda8,2
0a995db8-20de-415f-9993-f2fcbd83f302,3
0fb08c6c-b6dc-45e3-b336-721cd47dd8f7,4
3d9c10f3-aab7-469e-b73e-3c844849b0b8,6
7bb5eab9-d134-4bb3-8366-f211567e12f4,1
2d7b3262-0483-403a-80b2-7b7b87ac559b,0
c121f513-19eb-4727-8a28-cfb5d1ba8bb5,2
8c1d00b0-4ee4-4b6c-bbb2-5d538f5cccab,3
abb98a3a-e220-46f4-a749-4aebd0e41e59,4
5d3e07c5-28c9-4d64-b2dc-d6e001b8bbdd,1
0dd202a6-c388-4b99-b3e5-b1e4ceae4a6b,7
56108f4b-3cfa-45b3-b0b1-5638fa9ae5b3,0
b1aa1dfe-0059-48a5-9b33-592f0e339f0c,1
8e316cd0-27e2-4372-b1cc-d7b813f64603,4
e179d145-9376-42b7-89d9-8235107b6d4b,5
5ff1dcb4-d881-4651-8e82-3fe6087ac4ee,3
76f73827-7f94-4bf4-9376-5adc736e4e18,4
1a276b9c-da50-4704-b09c-bbf3fb434ad3,0
d6486e3b-6f06-4d66-93f6-cdf3a3d86247,7
efb15389-7f00-4181-b1ee-a74e89fab5ba,4
579027d2-9d27-4682-8f1e-aca975b1da98,5
ee4add97-9889-45d3-8585-42aa4d406af6,0
dccb5351-f551-4b0a-ae5e-4122248344cf,2
9fdd0820-ffb4-4722-a22e-9ffa8837b79a,4
3e3146d5-1f2d-4ce5-86a5-a0f6ab3a710a,0
cd0d2d8f-a2ff-4ea3-ad3e-61fdbcbd8f86,3
e0f24a60-9e8d-404b-ba46-5b2370b97289,4
1a0e17d7-76bb-411a-925a-36c7cf329d49,7
7be80dff-cc04-4a09-bb5a-c2fb049f3063,6
ada16931-7abe-4b86-ab71-ccd4d80ef344,1
10ec5a5d-67a7-4bae-b9f7-65b4adfb4fe4,2
0f6e5854-2045-4e37-aeb9-e020e0e92728,2
9110fba6-eb44-4968-bb9c-af6f2596db14,1
0fbc929e-f136-42fa-bb53-7ee4ac4161f1,5
8d0bbac1-30fc-4fd8-b64c-941ef0d929c0,1
f99738b6-4405-43a7-a986-47f7b2b7e0a3,5
36d09387-731a-48df-bf7c-e1022e81610f,0
b044f03d-9b5b-4e17-aedb-416b19cf7e1b,1
eb87c715-af51-4c77-a8a4-bcc97c8f0b0d,6
ffe53cbb-de63-453a-bca7-d321f8bfdcb5,0
5096408e-1c30-4df5-a388-e1a7215875e6,1
b49739e9-bfb5-4904-9153-bc111990d77d,8
4a766a00-b48b-43d6-9e66-4fbc1448d14f,6
e79831fe-e190-4d2b-adcf-bf0dec740427,2
1f83209e-0240-48c4-9227-86fccffb4e5d,7
445d13b5-0278-4452-aa5e-7a75dcf72dec,8
2af270df-ba2c-46b8-98e0-8820b8cfcab6,7
9b15ee32-793d-47ad-9215-afb1058fed2f,2
ceb67bf6-a475-47ca-9188-1fedcba183d5,0
c1adbf11-bfb2-4f7c-af9f-06e126f7a4ab,0
aea274f4-c6f1-4463-b145-19dfa88bc09a,5
2ebab126-66d2-437c-80bc-ea537e29634d,0
393849bf-5544-4e4b-bcfe-ecf34174d809,2
badf2abc-adc1-4c50-ad5d-b29eab921f59,2
5818e804-79c0-411b-9a43-a796fb05c059,0
1e3e18ec-cfd4-477e-a593-c308cb8b5aa2,3
e984c5da-7922-4e62-b28b-ae550b0c5963,1
ca6c5055-0180-40d2-9104-de9a96a7e032,2
50e2ec27-c0fb-4446-8554-08b09482fd36,6
09293044-e199-481e-9e44-d893d47a791b,0
8d0f06b8-cb69-4599-8d6f-bef36d731b78,0
5fd8e697-befd-4f4e-8c56-885cd4a086ba,0
fcb8e0e4-6359-44bb-a767-ec26bc5ab686,5
0019b572-445f-4419-a4e1-b6b28e9d7bfd,5
800a9244-eeec-46e1-add1-1b0687f625de,4
9afdbf56-2dda-4afc-9ef7-e6eb5344ab3d,2
56fecc5c-43b4-45d6-bf8d-6d87375a50c6,8
a3380444-6a1a-41ec-9cb0-33dbc59fadcd,4
13621f8a-f3ae-487a-a9fc-6950c3a1b883,2
462859bb-826f-49ee-bab6-9c7ef2d71734,0
205ae632-44c3-4fa5-b287-d74c2fb06efc,0
5b02c891-87b7-479f-8001-3e86234a1e1d,3
133a8937-bb2e-492b-987e-1ad4eac0f37a,7
423a24e1-8f67-4f5e-8506-dcb81b70230c,3
ffdf2bf9-c35a-43ce-aaf1-732e9a090524,6
b84cf74a-424b-40de-ab16-9a9a2a9c8dcb,0
79fce8d8-75ff-40c6-b4ff-eb0af62fbfce,3
d3546aaa-5785-4a38-8287-5e1c39945bed,0
72f033bc-50ca-4dad-ab7a-34eb3ac12331,0
3bdd44b2-9af8-41cc-b72f-09df259a60b6,6
ecebe3a6-bc59-48bd-9a6a-6e591c8cdb2f,2
819f244f-273d-4436-93b6-139197aebfe5,4
5113e1ee-ec62-4a4f-8bfb-098670153aef,5
e3303006-06a3-46d3-8106-bc91eebe4ba3,5
d6352f4b-07e9-4daf-930d-1c12408f8b72,0
a1c1dabb-2a11-405c-9a80-b20c9d0d6ef1,5
1675be62-9824-4d21-864e-cf07272fd96a,1
f3b6320c-92c5-4458-8c55-b5d36ebbf1d3,4
b2320109-b6c9-4755-9fdf-083493d9f813,0
868a4e51-7687-4dd9-a7bd-28b55bf1d289,7
51705699-b293-4251-abea-a02af1a80b48,3
b34cd50d-49cd-44e2-ab59-6292a41d2d3e,0
dddb4593-afed-47eb-bc56-21a8dd9523d2,2
9edf89df-6bfa-4546-9050-00ca4f4947f8,2
faa29b94-ad04-4adf-a127-dec83df722e9,4
708ce4f2-c5ea-45db-9652-5e6baad88e95,1
6fb40e22-9a92-4c83-8112-8b297ae0bf28,4
fcc8ce94-adf2-4c8a-a028-f13cd235859d,1
ab87c3f5-91f2-4bb8-804f-23be20df426c,2
6547ac06-679d-4381-8444-9c2b0631a654,7
e59aa9c4-748a-46fb-a06b-9a5c84347157,8
292325b1-ac5f-48ac-b1e6-2dfc144f697b,7
903d637b-7a70-4d5b-b258-f277526036a6,7
6592a588-f188-4638-8bda-c43b2ee68597,7
33fde383-537f-4d7a-8b43-d0636f0fcf3c,2
d217ae23-c5f0-4a76-a055-f29d94398754,1
72d72b79-f9a2-4a1d-a76b-49e100186f6d,8
d3b9f272-a486-4213-9f11-641a16153a81,8
8bed9df3-700f-4814-88ee-631b5493db89,5
ce60e752-2f9b-4c22-8511-6864d28347ac,1
c7807888-2d9e-45d1-bd4a-a621592619f2,3
7db5c72c-00d2-425f-b4ab-34242196e771,7
4cb18b40-f487-4b94-bafa-cc15e32ea434,0
01764d8a-52f0-4eca-ac2b-06901b01b19e,0
e6ee3711-d164-4d26-bfdc-b76c103f4e65,0
57962bb6-2c1d-41e8-81fb-27529ea87fbe,0
7e9a1ede-b876-457b-939a-5bc00f40e447,7
cebe5e78-927c-4350-b088-e42ae144078b,8
68b86a04-5712-4679-a8cb-4103b7504d7f,2
b8134f53-8b63-4462-b8b0-0a5483ea2b82,0
766c05af-52be-48bc-b436-68b1abf8897e,5
1e134d2b-1c9c-49e9-a7ab-1ea4950e7cc5,0
fbc585f5-ea73-4847-abf7-ca375cbbb3eb,1
1d31ede1-ee4d-4fee-966f-7b8bad25a148,7
2046e9c0-da16-4eb9-885e-dee10a807e14,4
88508a2a-e3f8-4097-a3f9-82d292a5c29a,1
cccfbc8f-5599-4390-8997-8896817a524d,6
4518dd4e-bfc8-44fe-8cd8-149a38a13222,0
089665a8-6f12-4a08-8234-c02614b5a01b,3
36cacc69-b5c7-4fc5-aec8-2f02ba1c72c6,6
21dfb616-9b80-48ef-948d-ed82e2049a70,1
524de957-da30-47c3-8c00-d424170c4432,0
579524ae-f016-43d1-80ad-464be82a584e,4
4bfcdf4b-23b8-4a3a-8ff0-b8aa084dff3c,3
aba0b671-0ca2-4349-b874-522393c7b900,6
0b3e8cb6-615a-40cb-9f6e-d19b1ac44613,4
0359385d-42ba-43b6-9879-80abaf1aa5e2,6
a3fc6063-cdfb-4801-baf2-119c9dce24ae,4
cfda516a-1cf6-439c-ade8-33af09f3be2f,3
f7f38a8b-4b25-4771-b3ea-a45da1a58210,0
883f15b8-ff77-43af-ad53-535ee0e084fd,2
6162eba2-ed0b-4473-bcf8-8007ae9b4159,1
849a73ec-71ce-46a6-86cc-435ef03d069d,2
6ed1ea2c-710f-441e-8834-768503154413,3
d931e33a-d8d9-4e81-b187-58ce5e193513,3
d29ada57-abc6-4f2e-a51a-0d4b0dac423d,5
7c5cbe7f-cce1-4ae0-9370-79b1ca5fd607,3
223cefba-a310-4523-9ad1-4114ad211720,8
46c99820-e097-4d16-9cb6-7473c9677c38,1
703ee0f5-61e9-4fe6-a43a-27fd78482046,2
be0cb4ae-9c1e-4909-a4e6-61d09145884f,3
b2c357ce-d483-49e4-a91b-e64ec109427d,7
e59ffe6a-e7f2-4cd9-aa69-20870ad0b3fe,2
7c05e2b3-cc09-4dd3-80be-f271dd643a4b,6
88597448-3469-49f7-8975-c4ac0f7db0b4,6
3ecc77d7-44d9-4264-9c32-0587d73c71ad,8
15e75e1e-3d65-4886-8723-3fcb9dcf8f94,2
00e86edd-4fee-46a3-a9fb-59f8307d082d,1
51ced336-dba2-4249-801b-54327359dd8d,0
adc6bfdc-ab4c-4155-927d-5f03db0ad941,4
347ffcf5-6efa-42d2-8620-a6b165c86fec,1
d7565f3f-f48a-428c-8897-e24502192822,0
9d4915f3-2d73-440d-813c-d7ff3929f5f3,1
c5060918-e85a-4985-8135-c27f780debc5,5
0f4757a0-4040-4a26-9450-b63fb5c912d9,3
98de7736-27c4-447f-ac8a-19df960ea1d6,1
e3042bc9-b313-432a-9cfc-f9f1acb94151,3
d8a3f728-42ea-4505-b0d5-f77436446c1d,7
64bde22a-9735-42e3-842e-12cfd381accc,3
d3b89fa1-37b7-4268-8717-6a67cca1620a,2
249e9530-a14e-4a35-83d2-ee3ef93acc41,4
5f3d9ae2-3b10-44a8-993b-75af3782de67,0
5ff13542-37cf-4609-94c3-0f303616d9c6,1
7bbed092-c6db-42dc-a3a9-1119ba6637ff,0
943991db-9a8b-4186-8ef7-7dd9410266ac,5
882a0cd3-e3f4-4ee1-a94b-b91ed31feb28,4
293cffc5-179d-4889-912a-cecb49aa0f91,0
b786620e-5944-4fe8-b25f-2748965bd382,1
809ec204-7e0e-4ea7-b7d1-7f6c95106926,2
d55f59a6-79c1-49f0-8a34-a60ae36e04a9,0
8f8e685f-2efd-4a6d-94a7-999fd2dce58c,0
bcd1c86e-7279-4552-a314-53c147a6692b,4
72291cc8-f72f-46b2-83b8-13b11a7c460d,0
4ba5c9f0-6d20-4ee1-806a-2db740f119ed,0
8a2be13a-5844-4dfa-8803-2b3b213ea09c,8
e1f45635-a025-493b-b874-6131dc69a37c,2
5c129150-7377-4301-9e60-ea87dd1c6501,5
25352c63-1b73-4fa2-8de0-396e0c5b162d,7
f66765a1-5c43-47bf-b556-124a614294b9,1
977f0369-b30c-43b9-9b4f-1896015bfe51,5
800dab26-6c6f-47b8-aa3d-2e258f1b5ae6,8
11401fa5-220c-4402-9fc3-035437445903,0
6e9129f3-ebbf-43d8-b98c-8190e91aa3a7,0
e2640889-7d95-48aa-87a5-1bf604005b83,7
b5d76fde-e888-431d-b217-820d31d52197,3
ceaca47b-24c4-4173-a9dd-e18a13bf6a4c,2
bdefe545-dda3-4932-b002-bfa396e63103,3
c16e1a6e-d7a1-4602-b143-02efcbf20b13,1
a5e32ba1-e93e-45a7-ac70-0cad9e1846d1,5
fc213fc5-ac82-443f-90a7-72ea5c4ba4fd,3
ac7892d0-d4cf-496f-98de-95dc826350b8,0
490d95b2-ce41-425d-8f5b-470dbbb56f75,1
0cfebc2a-00b3-4afb-8e81-57dfca4467e6,0
d21c1a01-2bad-4820-863d-7a92192a1c1f,5
b3991564-69f0-46f9-9324-df1211b8779f,3
6f014ad2-33a3-4c69-a6eb-71638b1711c3,7
d33caba6-e949-41fe-b081-e323d757ed45,1
57d2badb-bd5b-4a76-b3dc-1e32029d0346,4
18542a98-b956-4b4d-b54e-49d235badeb7,0
d8b15b4b-adf3-4cf8-98b9-22edce11a39f,7
d7ad63b2-291c-4855-a739-a6723552194c,6
306660d8-ec4f-45cb-9d7a-75c868cd32e9,7
5f4de4dd-99e1-44b3-ade1-d125f5506535,5
4e4e2052-61be-4b4b-a306-167728e347c9,3
073f4205-1f99-4bae-b471-4f1212abf986,2
591cd72c-76d7-457a-a03b-c2e3d12dd7f6,0
6dc08999-a6c0-476f-b9ea-3ac349fb5aac,0
aef990e2-fd13-4930-adc7-3f81b7bec655,3
4b8be339-9767-4811-b026-9d6857fd113f,1
7bbc0a14-e84c-44ec-a61c-351f152f1ce5,7
c1c5aa60-b852-4179-8280-da80f1351380,2
352c75d9-8510-4e1f-8957-273a50d6ec94,1
e542a965-9d9b-4e2d-962c-4afc0f716af3,6
69d133a2-a58c-4688-ab8e-c4fc7e735fe6,2
a9704d84-9a4b-416f-ae08-ea9a18e1358b,3
906d8ed0-c4d4-4a87-85da-14dacf16f3a1,6
67f45e23-9da6-47d6-80d7-153483e71f03,0
be2aa08f-633f-45c3-ad46-c7eccaebaef8,8
a05a7832-6bd2-4ec6-ae8d-73311ff6248e,8
5e9e8594-e126-49b3-a224-9bd520df42c6,2
053e6b4d-9d64-47af-a444-1952cd3449dc,0
966c7789-cb51-4a10-88d0-ebf4debe227b,1
23716f32-3605-4110-bf6d-00c287b72a3f,0
714d6aec-6376-4f62-9cd2-a8173a10dc7b,3
b1fb6936-e1b6-4819-acd0-64a0e594d151,7
fae9c09f-1c2c-4e72-a8c5-f32099440d07,0
5256aab6-a8ca-4ab3-91e8-3724dd269f55,0
9282aabb-eb61-4461-a7c1-9076a593adf9,8
7746ef1a-8c4b-45b2-a753-ea91c15cbfe9,2
24874c7e-d660-4180-9969-3adb4c7f3e6d,2
7abb7292-50cc-4f16-a2a1-8d2f04ca3547,0
1ab7f62d-6672-4e8f-8d1d-2f1e7c89a8ea,5
a02b2ebf-e793-40c3-93f4-551c4a69e94f,8
08c43692-4ce1-437f-9fca-0e52fc822375,8
4db93439-e59b-4052-9fce-1217817dccc1,3
5d5743d4-d7b9-4df2-940c-f56058bfb2d4,6
44b4ba4a-6d9d-48eb-915f-611763637620,3
85d8afd2-4eaa-4ba4-bb18-a94c6bbb51ba,0
07a6a94f-d2a6-441c-8f48-30c0ba6bbc56,5
b6cb2718-3f3d-483f-bfd5-3cd27f99c7d3,2
e95d7313-3733-4f76-826f-6a08270aa5e9,4
8a334280-3ba3-4112-aa64-bd813e6e47a8,4
a0034115-dd2e-410f-b408-63c0d763415f,0
5d3b414b-9b04-496b-ada6-816d360bd99f,3
2f565335-8551-4649-a525-1c86bb13dca6,0
3a95abdc-8c2e-422a-8125-6ffc853cbdba,5
732b24f3-24ab-42d8-a4ba-b1c7f3f7be07,7
2b4ad7eb-0fb6-443d-bc63-d5ca8f72d945,1
c28e55ae-558b-4ad3-9368-ae03e0e23d0e,1
62123415-06b7-4bc8-9c48-c1fe497e748f,7
bfe455cb-3805-4aa7-95ca-efbb37853a47,0
6633bd03-6557-4186-a5e2-99cb5209e568,3
0b4180bb-f44b-4f06-9b91-04968ae52d85,3
a0012cee-6418-490c-9f31-7df656564071,4
aeec96d7-b223-4a99-9c01-5955f36b8a43,3
dc365561-1a2b-417e-827d-686dd9985284,6
a01d2b6d-9611-40f1-a6d5-f556465c1ba7,0
7020283a-6ef0-4146-aebb-24b37b8ccf65,7
5974a637-5fde-4523-a992-286ec3a246d2,7
3fa03600-7e91-4b60-8fc4-1080962db12d,0
3d95a1e0-c8b6-49f6-8f03-3dabaef86d6c,3
38877bef-faa3-46e4-a91e-622c53bf4e1c,6
2873e13a-ad20-449b-a4f4-aa8150992028,5
1e21e84f-894b-4761-a133-f48826e0d590,2
4f93dbc3-e6f0-4440-a7dd-95c9afff025d,0
537c3ccc-6770-445a-80e6-665bed1dd2c3,5
bd06b650-a592-4bed-ba01-1a4cc0d2a4a4,5
86c57de4-af32-487c-9829-a1c51db68967,0
cc51dab6-554d-484d-957f-c4c366c84883,3
68928427-2cf5-4d8b-b95b-a6b2e8eca1f8,5
a7812cce-b97d-4887-9cea-9f8704ca8f5c,1
aa711ab3-7c7d-41c1-8e91-ca55e66c94aa,3
7a726113-ba3b-4c2d-ac66-77a80ef84fe6,2
0ba82985-0673-4ccd-b6b4-4dee63771ad0,4
9d834b14-359b-4555-a070-697af3889be8,1
1ee13491-2293-409e-bf00-d99a0ebd73cd,0
2e9c7c0c-99c2-455e-8ed6-11e0051534ab,1
b915e837-ebb9-4678-91d2-12556c5f56d7,4
f15dedc5-6447-4fab-b076-50efb6f3629c,6
ed813167-011d-4fe7-a402-2af68afeeb9c,0
54790d22-529c-475c-af5e-d01299c9689a,0
ec4efdfa-bfeb-4245-912a-676d7c9c6b86,7
1dfb849b-1941-4234-94b4-3bbe849263e6,7
f081b94e-0257-43d1-874c-d4f34031a960,1
bc30aef3-17fa-4dfd-bae2-f02f575aa4ee,7
c164163d-35ad-4a35-9b92-28f571afee8f,0
8630e01d-197c-4793-9f0a-35356f6302ae,3
d522322b-d3dd-4bcf-9adc-bf2f1b114e2a,0
8fd4fa11-63a3-45c7-ace3-0508f2d65b6d,5
b057de3e-9fb4-4003-aeaf-6193744f385d,1
ccd306ed-e45d-43cf-a2ec-d8e67876873b,0
9c7da460-6d7c-43e4-a4ff-09cfd2fbffa1,2
d938a8d3-57f2-4990-b44a-15a2bcaa7bdb,5
98357f2c-18cc-4e2c-b0a6-8d857e263c09,0
5cbc5723-6e19-4cc6-873f-a51feac39f70,7
a26684b4-43c5-4a38-9f24-2e56613ed33f,1
c20b9091-89ab-4d94-b5ea-8864d35c0f37,3
fa9b98b8-d0ed-4581-9cca-ad19947a9ba3,4
864cfb7d-3d44-4a62-92b2-0dfc9f5987e2,0
fdd59184-bfdb-44f6-ba05-e3e188cfb947,7
2c792489-0020-4a0c-a781-7739ee9df96d,4
3f4c5930-73b0-4e91-ab78-524e440bbf88,1
e9e15dff-18b9-432e-957a-8852d1c9f9bf,1
daef6bf9-0254-4cb5-b623-b6c1a9a7fd23,6
7b3f628a-da5d-4a6b-b6f2-536bd65e1160,0
79d233aa-92f2-4dca-b4b9-56abbe00956e,3
451fb4cc-ec3a-408c-a9cf-39b008427d37,3
7c4c67e7-26ee-41ca-a68f-6d8ab1950f3b,0
bf9ede13-6b33-4a4e-95a0-5c95303b4c80,6
b13bfb09-8df9-4d36-97ca-53829b8a8118,0
1e649b24-09fc-41bf-99f0-4816c4285e28,1
51031635-710a-4acd-ae86-f791f801d03b,5
480a164e-7ac3-4f6e-981f-5113f1979faf,0
90908cec-230e-4462-ac56-22b1b2a0276a,0
51e4a8dc-60d2-4413-b830-beef974a2a8d,5
c737f2ad-87fa-46ba-9eab-b09e7686dd75,1
faa1f51f-4578-4f45-ab1d-d131973e2810,0
4e74c54e-638e-4ef4-8f85-d16198febe0e,8
b996def9-6075-45ef-90b7-b8d71821d69d,0
cd9d0e00-883f-4e51-862b-15988171529b,2
36d98df5-f4da-4cf7-b5b6-d7aba9f245d8,1
c1a20865-8485-4b4a-961d-629f07245517,0
4dbc9e45-2753-4c99-959e-2f5572dfb25e,3
1346b527-81db-4d21-ac6a-b3152ad71a4e,1
9c128984-1b4c-4732-a163-a09ef0cd2e80,5
fb278c78-ed0e-4ef2-849c-9ef69055b6c7,6
15b90df0-666a-4d79-9bff-12dbf05b2016,8
008e0857-c12b-4d6a-a117-207539ef28e3,3
5de49324-7ef0-49fb-9024-ea8e47b62971,4
0ad553d6-467a-44e0-b4d2-a0a2ff9c3336,0
1e5d3870-8587-4694-86e1-ec1e7229a8a9,6
613b66fa-04ae-4386-90b7-c6d2ce79a2d1,7
86ed228d-e257-44c2-89cd-b785c40fe498,6
a2f3315c-9e7a-4cd2-a77c-1025cee212a3,3
3284ac78-3068-418b-b81e-2d827a4bb3fb,1
4870da90-761c-4614-a26b-2c060a5538b3,1
89d4bc37-13c9-4918-ac6e-93c9b7219cb2,3
b412456a-c000-4332-997a-1283ec0d08f8,0
716681d9-59b2-4c2d-aa27-3073f48fd9e6,6
ec05f947-208a-4b8b-b23d-dffc37eb2fe5,7
36a9a740-309f-4daa-b496-040ffaa5d7a9,8
c157098c-fc05-4761-8ab2-a4915b4a2d3f,6
9a7f34cd-e9d0-4b7f-a975-f7c78a9a9bd7,2
be745265-bd55-4f9c-887b-82f9cd8fa698,8
6707fdbf-5112-4c73-a3d5-81e738f69603,7
9a04ccf3-e1b7-4d96-acbf-ae643e1fbf86,0
1625373a-4990-42a5-a573-464151499049,6
1b48b344-023b-461b-8e65-5d1eda2cf2f4,7
76996d1f-346e-4777-b251-32e6962d4bcd,0
043303df-a2fb-49d8-8235-27ef3ba6f290,4
3ed87d15-8075-4913-b136-9bade3733510,3
47d7761e-3260-49f7-b83d-b32876d43f78,2
967c46a3-9333-418c-94de-ec4503a820ed,3
1b844d26-a7bc-4a9a-9c10-dbabbca3fff7,4
b7771fb9-ef1f-49b8-99e1-62abeb24a9ef,7
ac01ab46-8b72-42b3-ba6e-4a8d7cab1dd8,0
752efca6-3860-4785-a57d-ee0035621d3a,6
6a2a2f5b-8cbe-4afc-90ce-4f351b5b38a2,0
38c27f2f-f86e-4e4f-9153-f791558f7a1a,4
b33e216f-7ba5-4f17-abea-9f128ff25493,0
355a093a-76ef-4f6a-8f29-b297778c5cc4,4
692f3458-9c3d-434a-b09b-d0c579e4af11,5
02a009ae-4c1a-43da-957c-e0f9f0a3e273,2
91248637-3baa-4386-9327-923dd17de4b1,7
ee0ed1f2-5d74-4e0e-add8-eec12f712c08,2
f7168999-5a70-4904-82b8-54565539d0fb,8
e7b7598e-4f03-452a-ab3e-47c017adf057,0
dc2ed346-1fd9-4bd1-9879-6650bd840e5d,7
b156b025-53b8-4381-9781-fb756be7aad6,1
b53562c1-4444-4338-a1ae-fadeb3c260b0,0
bf35f8b1-fad6-44ee-9c4b-4d1b8bba2444,3
d0adfe1d-c262-4902-ac37-9e0fe2630e30,3
9cbb4c84-ec96-485a-911a-2ce9dd281761,6
b9526ec0-dc42-487d-b271-fef92d5d837c,5
1fe9a8d2-e935-4a22-a203-16dbce322349,2
27635aa6-be6b-411e-bcf4-24d845ed6668,6
f1955cae-ef5f-4776-88a8-4cb3395f1eb4,3
1fd0a17b-0332-484d-807e-9862e450b9db,6
4e3d3139-bcd8-4532-a8ef-c7f55d89a3bd,2
9205002c-24ad-4f0a-a453-ccd11e8d217a,0
4bf75981-59b3-41a8-98b1-cc9eb8b0eb5a,7
7ed47c63-725b-4b7c-b254-15b7d0c56648,3
2f4d2cdb-0ae6-4b4b-bba9-539353e6c009,1
b0427d2f-cc6f-4e16-82b6-bd668eb08e11,2
92c2dbe0-9a54-485f-a325-7c0dd99d40f0,2
b84003c7-e078-42c2-a6db-813c36462095,1
ab27c369-c8c3-43b9-85af-606e9df04faa,8
e3f9c9ff-cf60-4782-b808-f7db2821d1cc,1
4146ab29-a4bc-4a7f-bdd6-7ddfaf97627a,2
bb80a964-43cc-458e-aa97-671ee25e4d6c,0
e4c9d84f-8956-49f4-986f-5de8b5c97177,2
17a79aa7-8626-4370-94d8-8370ff8f193f,0
981ea03b-2c52-4e57-aa5f-48a0f04c54e6,7
a6d3f07e-9fc1-4ddc-8251-6a7c3d8b67af,0
a5924be4-5306-4eb7-822d-cf9b3ea255bb,2
70d3b819-7b87-4222-9bb5-93f940e81f9f,4
53fab94c-d381-4365-8143-05aa37b9375f,0
845e232e-43d1-4c88-9ae2-a5f14ef5070d,1
5691f532-0a8e-4758-b744-1d7f1d5d1e3e,5
4d3e4aaf-e3d9-4f32-b3cc-7ed9874583c1,0
eb03e049-daeb-4ce9-b19a-6c644281b763,0
3e8e01d8-c4f1-4652-b2cb-0ce4abef572b,4
45d279bb-26cc-4d1d-b6a0-36a07f104e15,0
3a49559c-95b9-4f20-a51b-23ac3d76ed19,7
c1be98c8-0847-45b3-9bb3-fd10b9ef0005,7
af391245-5c0a-41dc-bd1f-8307cb361bc9,5
3e6fe46e-1292-4878-a915-ceb0c786ad9b,1
4eef1f16-1c0f-4e0c-9448-552f94933fdd,0
a094bc79-6c02-4cbf-983a-4d78cb6ad740,4
d44e96b7-2332-4604-8d28-9156adc56995,5
8f7d82f3-e637-493d-b29c-01091c2041c0,0
30bd4d0d-ae77-4cbc-b881-1dc7ca72fade,6
01f35d6c-e20a-4a65-b414-d124c8bd40c1,6
21a2eafe-05cf-4a05-9455-250930a3e8a0,4
a5d54e5b-f854-44f8-8c2f-7215f965ba34,1
90415c1c-6185-4974-8b39-34a89021b11c,8
8bbc1aa4-3edb-4022-9fb8-4378780aaefe,2
80ff1bcd-453d-470e-85ea-436f6b2cb85e,6
785f8c15-abeb-455f-99db-b59b630078ce,3
44e46e92-d253-4954-892d-daab337f8d18,6
1836535c-f190-47f0-acde-5620a8ddf65c,1
404c66fc-7fe8-49d5-ae76-7303a91c5381,0
d49cb6e0-c1e2-487b-bebd-2e18ee314239,3
6b7e3c58-eea3-4369-9fa5-9c7fc6438e6f,4
7a6fa2f5-fb97-4e2b-b1d1-57c31e8a12e8,4
1fe51419-be25-4ddf-a24e-4f050239d05c,7
84f1729c-b09f-463a-937b-c50ff15412eb,1
33d0b698-39b2-4592-b1b9-b085b1370a76,7
f8d967af-2ab7-4649-a6f0-09c17732ff66,0
3d404325-e6db-4add-a326-2b40fb279822,7
6b5dd0bf-6c2c-4db3-8189-868202c99270,0
e29fa6ba-23ee-4657-8616-bca348b23732,0
45329646-91b8-4178-bef1-d1d59142be53,0
e3a4de03-9604-4452-be68-40aa44bd1667,5
58e4085e-89a5-409a-bfc6-445c3fbfc26b,2
b9aebf05-ba24-4ee1-8ed1-9fc4608dbd76,3
bdacc8ca-4291-41c9-80ce-1e7338a8ba25,8
c0e24961-f305-475a-936e-7ead524b9d8e,1
18ddb355-1dae-4c85-ab0c-365e73294200,7
ce665a2f-edab-4325-8eb4-3f337840e032,2
3ccd8e19-2f10-48da-9733-70ba2cd43d6d,2
069dd1dc-85c8-423c-9f09-21c1cd6077c2,1
e210a4b0-7858-4aeb-bfe0-53dcfd48a695,6
c64d744c-05d8-47c8-9c92-f9bc730f3daf,2
669369b9-63a8-485f-bf85-60172c03b221,4
e2bcdda5-c5a9-48bc-a35c-ec6043557543,2
ffb51b37-025b-46c8-9051-f8669a0f3446,3
0db85383-9b90-4b85-bde8-e57dd6b5b25d,4
19921506-f913-4bbb-ad7d-f6f7069dc3b6,8
c902be09-5931-46e2-9e73-10ba610499e5,1
531471d3-01b6-4234-b48b-8e086d8d5772,7
3771a277-da8e-4ac5-8c6d-ab0c70f0d321,7
5ab12ba9-871f-4f3d-858c-abf03cc179af,6
a5a86405-5358-4064-851e-696aaa974bfc,1
5ed4c78f-586c-46cc-b1bf-6fd61906e015,3
76da560b-e33a-441f-93aa-0521f1fb9a25,3
08740e5b-a227-44aa-ace1-1a9fa477d6a6,2
9e82bcc7-205d-4a8e-9fef-6cb2092c53f6,1
05540cf2-fc8d-406d-a317-e4169e2fd72d,3
eb7769c6-9127-452a-ab87-4fe88ca86368,2
956a2b53-6637-4051-abfd-a46c1fc0da55,0
7d6146fc-bd6b-444c-9cca-ee1bf698c95d,7
87be14be-956a-451b-b4b9-d3a05ac9dfcf,0
0f4d966e-e910-4ead-a319-9349cf26ddba,4
a12f555c-564a-4091-9edc-d57dfebd78ef,1
1fd7c538-9aab-41a0-8283-a4fdd8d9121a,5
5bad0184-45d0-4f49-bf64-10329cd4327f,1
f6a8df81-e0a1-4d63-bd5d-91087f071f87,1
6aec2eba-f6a0-45e8-b3b9-275e413f23fa,6
99b16624-2c7b-4b0d-8534-9812e0a1520e,3
d68e6b8b-0d71-4e5c-867d-ba1dc8c7a1bd,0
c27ccd1b-6a99-4b21-8381-95a4e062b026,6
afc9812c-a0d1-4db8-aa44-cb3dc1c275e1,6
80954308-5a22-4a0b-95ff-5751b6c17bb1,4
539e76b8-0d6d-44e6-912d-f5d94d26b4f1,0
352cd992-c084-466e-9c14-aaf1c25eb3fa,0
3f5734a0-35a9-419f-baeb-169ab5fb6b3b,0
609d3241-4113-4993-9925-89a2e12681cd,3
f1005bdf-b314-4188-b6c3-eccb2f9ae821,2
48cbe7ad-3316-4201-a572-a99e3d606cc0,4
33d9ae0e-4d1f-4faf-bd65-1e9634b104d8,1
a1c0b125-21bd-4a0a-ad02-342f5108d1b0,8
c3f72422-a6fd-4bfe-b887-a64e4cda69e0,3
